ID,Name,Description,Nexus_File
1,I_first_person_singular_ascertainment,,data.nex
2,I_first_person_singular,,data.nex
3,I_first_person_singular,,data.nex
4,I_first_person_singular,,data.nex
5,I_first_person_singular,,data.nex
6,I_first_person_singular,,data.nex
7,I_first_person_singular,,data.nex
8,I_first_person_singular,,data.nex
9,I_first_person_singular,,data.nex
10,I_first_person_singular,,data.nex
11,I_first_person_singular,,data.nex
12,I_first_person_singular,,data.nex
13,I_first_person_singular,,data.nex
14,I_first_person_singular,,data.nex
15,I_first_person_singular,,data.nex
16,big_ascertainment,,data.nex
17,big,,data.nex
18,big,,data.nex
19,big,,data.nex
20,big,,data.nex
21,big,,data.nex
22,big,,data.nex
23,big,,data.nex
24,big,,data.nex
25,big,,data.nex
26,big,,data.nex
27,big,,data.nex
28,big,,data.nex
29,big,,data.nex
30,big,,data.nex
31,big,,data.nex
32,big,,data.nex
33,big,,data.nex
34,big,,data.nex
35,big,,data.nex
36,big,,data.nex
37,big,,data.nex
38,big,,data.nex
39,big,,data.nex
40,big,,data.nex
41,big,,data.nex
42,big,,data.nex
43,big,,data.nex
44,big,,data.nex
45,big,,data.nex
46,big,,data.nex
47,big,,data.nex
48,big,,data.nex
49,big,,data.nex
50,big,,data.nex
51,black_ascertainment,,data.nex
52,black,,data.nex
53,black,,data.nex
54,black,,data.nex
55,black,,data.nex
56,black,,data.nex
57,black,,data.nex
58,black,,data.nex
59,black,,data.nex
60,black,,data.nex
61,black,,data.nex
62,black,,data.nex
63,black,,data.nex
64,black,,data.nex
65,black,,data.nex
66,black,,data.nex
67,black,,data.nex
68,black,,data.nex
69,black,,data.nex
70,cold_of_temperature_ascertainment,,data.nex
71,cold_of_temperature,,data.nex
72,cold_of_temperature,,data.nex
73,cold_of_temperature,,data.nex
74,cold_of_temperature,,data.nex
75,cold_of_temperature,,data.nex
76,cold_of_temperature,,data.nex
77,cold_of_temperature,,data.nex
78,cold_of_temperature,,data.nex
79,cold_of_temperature,,data.nex
80,cold_of_temperature,,data.nex
81,cold_of_temperature,,data.nex
82,cold_of_temperature,,data.nex
83,cold_of_temperature,,data.nex
84,cold_of_temperature,,data.nex
85,cold_of_temperature,,data.nex
86,cold_of_temperature,,data.nex
87,cold_of_temperature,,data.nex
88,cold_of_temperature,,data.nex
89,cold_of_temperature,,data.nex
90,cold_of_temperature,,data.nex
91,cold_of_temperature,,data.nex
92,cold_of_temperature,,data.nex
93,cold_of_temperature,,data.nex
94,cold_of_temperature,,data.nex
95,cold_of_temperature,,data.nex
96,cold_of_temperature,,data.nex
97,cold_of_temperature,,data.nex
98,cold_of_temperature,,data.nex
99,cold_of_temperature,,data.nex
100,cold_of_temperature,,data.nex
101,cold_of_temperature,,data.nex
102,dirty_ascertainment,,data.nex
103,dirty,,data.nex
104,dirty,,data.nex
105,dirty,,data.nex
106,dirty,,data.nex
107,dirty,,data.nex
108,dirty,,data.nex
109,dirty,,data.nex
110,dirty,,data.nex
111,dirty,,data.nex
112,dirty,,data.nex
113,dirty,,data.nex
114,dirty,,data.nex
115,dirty,,data.nex
116,dirty,,data.nex
117,dirty,,data.nex
118,dirty,,data.nex
119,dirty,,data.nex
120,dirty,,data.nex
121,dirty,,data.nex
122,dirty,,data.nex
123,dirty,,data.nex
124,dirty,,data.nex
125,dirty,,data.nex
126,dirty,,data.nex
127,dirty,,data.nex
128,dirty,,data.nex
129,dirty,,data.nex
130,dirty,,data.nex
131,dirty,,data.nex
132,dirty,,data.nex
133,dirty,,data.nex
134,dirty,,data.nex
135,dirty,,data.nex
136,dirty,,data.nex
137,dirty,,data.nex
138,dirty,,data.nex
139,dirty,,data.nex
140,dry_ascertainment,,data.nex
141,dry,,data.nex
142,dry,,data.nex
143,dry,,data.nex
144,dry,,data.nex
145,dry,,data.nex
146,dry,,data.nex
147,dry,,data.nex
148,dry,,data.nex
149,dry,,data.nex
150,dry,,data.nex
151,dry,,data.nex
152,dry,,data.nex
153,dry,,data.nex
154,dry,,data.nex
155,dry,,data.nex
156,dry,,data.nex
157,dry,,data.nex
158,dry,,data.nex
159,dry,,data.nex
160,dry,,data.nex
161,dry,,data.nex
162,dry,,data.nex
163,dry,,data.nex
164,dry,,data.nex
165,dry,,data.nex
166,dry,,data.nex
167,dry,,data.nex
168,dry,,data.nex
169,early_ascertainment,,data.nex
170,early,,data.nex
171,early,,data.nex
172,early,,data.nex
173,early,,data.nex
174,early,,data.nex
175,early,,data.nex
176,early,,data.nex
177,early,,data.nex
178,early,,data.nex
179,early,,data.nex
180,early,,data.nex
181,early,,data.nex
182,early,,data.nex
183,early,,data.nex
184,early,,data.nex
185,early,,data.nex
186,early,,data.nex
187,early,,data.nex
188,early,,data.nex
189,early,,data.nex
190,early,,data.nex
191,early,,data.nex
192,early,,data.nex
193,eight_ascertainment,,data.nex
194,eight,,data.nex
195,eight,,data.nex
196,eight,,data.nex
197,eight,,data.nex
198,eight,,data.nex
199,eight,,data.nex
200,eight,,data.nex
201,far_ascertainment,,data.nex
202,far,,data.nex
203,far,,data.nex
204,far,,data.nex
205,far,,data.nex
206,far,,data.nex
207,far,,data.nex
208,far,,data.nex
209,far,,data.nex
210,far,,data.nex
211,far,,data.nex
212,far,,data.nex
213,far,,data.nex
214,far,,data.nex
215,far,,data.nex
216,far,,data.nex
217,far,,data.nex
218,far,,data.nex
219,far,,data.nex
220,far,,data.nex
221,far,,data.nex
222,far,,data.nex
223,far,,data.nex
224,far,,data.nex
225,far,,data.nex
226,far,,data.nex
227,far,,data.nex
228,far,,data.nex
229,far,,data.nex
230,five_ascertainment,,data.nex
231,five,,data.nex
232,five,,data.nex
233,four_ascertainment,,data.nex
234,four,,data.nex
235,full_ascertainment,,data.nex
236,full,,data.nex
237,full,,data.nex
238,full,,data.nex
239,full,,data.nex
240,full,,data.nex
241,full,,data.nex
242,full,,data.nex
243,full,,data.nex
244,full,,data.nex
245,full,,data.nex
246,full,,data.nex
247,full,,data.nex
248,full,,data.nex
249,full,,data.nex
250,full,,data.nex
251,full,,data.nex
252,good_ascertainment,,data.nex
253,good,,data.nex
254,good,,data.nex
255,good,,data.nex
256,good,,data.nex
257,good,,data.nex
258,good,,data.nex
259,good,,data.nex
260,good,,data.nex
261,good,,data.nex
262,good,,data.nex
263,good,,data.nex
264,good,,data.nex
265,good,,data.nex
266,good,,data.nex
267,good,,data.nex
268,good,,data.nex
269,good,,data.nex
270,good,,data.nex
271,good,,data.nex
272,good,,data.nex
273,good,,data.nex
274,good,,data.nex
275,good,,data.nex
276,good,,data.nex
277,good,,data.nex
278,good,,data.nex
279,good,,data.nex
280,good,,data.nex
281,good,,data.nex
282,good,,data.nex
283,good,,data.nex
284,good,,data.nex
285,good,,data.nex
286,good,,data.nex
287,good,,data.nex
288,green_ascertainment,,data.nex
289,green,,data.nex
290,green,,data.nex
291,green,,data.nex
292,green,,data.nex
293,green,,data.nex
294,green,,data.nex
295,green,,data.nex
296,green,,data.nex
297,green,,data.nex
298,green,,data.nex
299,green,,data.nex
300,green,,data.nex
301,green,,data.nex
302,green,,data.nex
303,green,,data.nex
304,green,,data.nex
305,green,,data.nex
306,green,,data.nex
307,green,,data.nex
308,green,,data.nex
309,green,,data.nex
310,green,,data.nex
311,hard_ascertainment,,data.nex
312,hard,,data.nex
313,hard,,data.nex
314,hard,,data.nex
315,hard,,data.nex
316,hard,,data.nex
317,hard,,data.nex
318,hard,,data.nex
319,hard,,data.nex
320,hard,,data.nex
321,hard,,data.nex
322,hard,,data.nex
323,hard,,data.nex
324,hard,,data.nex
325,hard,,data.nex
326,hard,,data.nex
327,hard,,data.nex
328,hard,,data.nex
329,hard,,data.nex
330,hard,,data.nex
331,hard,,data.nex
332,hard,,data.nex
333,hard,,data.nex
334,hard,,data.nex
335,hard,,data.nex
336,hard,,data.nex
337,hard,,data.nex
338,he_or_she_third_person_singular_ascertainment,,data.nex
339,he_or_she_third_person_singular,,data.nex
340,he_or_she_third_person_singular,,data.nex
341,he_or_she_third_person_singular,,data.nex
342,he_or_she_third_person_singular,,data.nex
343,he_or_she_third_person_singular,,data.nex
344,he_or_she_third_person_singular,,data.nex
345,he_or_she_third_person_singular,,data.nex
346,he_or_she_third_person_singular,,data.nex
347,he_or_she_third_person_singular,,data.nex
348,he_or_she_third_person_singular,,data.nex
349,he_or_she_third_person_singular,,data.nex
350,he_or_she_third_person_singular,,data.nex
351,he_or_she_third_person_singular,,data.nex
352,he_or_she_third_person_singular,,data.nex
353,he_or_she_third_person_singular,,data.nex
354,he_or_she_third_person_singular,,data.nex
355,he_or_she_third_person_singular,,data.nex
356,he_or_she_third_person_singular,,data.nex
357,he_or_she_third_person_singular,,data.nex
358,he_or_she_third_person_singular,,data.nex
359,he_or_she_third_person_singular,,data.nex
360,he_or_she_third_person_singular,,data.nex
361,he_or_she_third_person_singular,,data.nex
362,he_or_she_third_person_singular,,data.nex
363,he_or_she_third_person_singular,,data.nex
364,he_or_she_third_person_singular,,data.nex
365,he_or_she_third_person_singular,,data.nex
366,he_or_she_third_person_singular,,data.nex
367,he_or_she_third_person_singular,,data.nex
368,he_or_she_third_person_singular,,data.nex
369,he_or_she_third_person_singular,,data.nex
370,heavy_ascertainment,,data.nex
371,heavy,,data.nex
372,heavy,,data.nex
373,heavy,,data.nex
374,heavy,,data.nex
375,heavy,,data.nex
376,heavy,,data.nex
377,heavy,,data.nex
378,heavy,,data.nex
379,heavy,,data.nex
380,heavy,,data.nex
381,heavy,,data.nex
382,heavy,,data.nex
383,heavy,,data.nex
384,heavy,,data.nex
385,high_tall_ascertainment,,data.nex
386,high_tall,,data.nex
387,high_tall,,data.nex
388,high_tall,,data.nex
389,high_tall,,data.nex
390,high_tall,,data.nex
391,high_tall,,data.nex
392,high_tall,,data.nex
393,high_tall,,data.nex
394,high_tall,,data.nex
395,high_tall,,data.nex
396,high_tall,,data.nex
397,high_tall,,data.nex
398,high_tall,,data.nex
399,high_tall,,data.nex
400,high_tall,,data.nex
401,high_tall,,data.nex
402,high_tall,,data.nex
403,high_tall,,data.nex
404,high_tall,,data.nex
405,high_tall,,data.nex
406,hot_ascertainment,,data.nex
407,hot,,data.nex
408,hot,,data.nex
409,hot,,data.nex
410,hot,,data.nex
411,hot,,data.nex
412,hot,,data.nex
413,hot,,data.nex
414,hot,,data.nex
415,hot,,data.nex
416,hot,,data.nex
417,hot,,data.nex
418,hot,,data.nex
419,hot,,data.nex
420,hot,,data.nex
421,hot,,data.nex
422,hot,,data.nex
423,hot,,data.nex
424,hot,,data.nex
425,hot,,data.nex
426,hot,,data.nex
427,hot,,data.nex
428,hot,,data.nex
429,hot,,data.nex
430,hot,,data.nex
431,hot,,data.nex
432,hot,,data.nex
433,hot,,data.nex
434,hot,,data.nex
435,hot,,data.nex
436,hot,,data.nex
437,hot,,data.nex
438,hot,,data.nex
439,hot,,data.nex
440,inside_ascertainment,,data.nex
441,inside,,data.nex
442,inside,,data.nex
443,inside,,data.nex
444,inside,,data.nex
445,inside,,data.nex
446,inside,,data.nex
447,inside,,data.nex
448,inside,,data.nex
449,inside,,data.nex
450,inside,,data.nex
451,inside,,data.nex
452,inside,,data.nex
453,inside,,data.nex
454,inside,,data.nex
455,inside,,data.nex
456,inside,,data.nex
457,inside,,data.nex
458,inside,,data.nex
459,inside,,data.nex
460,inside,,data.nex
461,inside,,data.nex
462,inside,,data.nex
463,inside,,data.nex
464,inside,,data.nex
465,inside,,data.nex
466,inside,,data.nex
467,inside,,data.nex
468,inside,,data.nex
469,late_ascertainment,,data.nex
470,late,,data.nex
471,late,,data.nex
472,late,,data.nex
473,late,,data.nex
474,late,,data.nex
475,late,,data.nex
476,late,,data.nex
477,late,,data.nex
478,late,,data.nex
479,late,,data.nex
480,late,,data.nex
481,late,,data.nex
482,late,,data.nex
483,late,,data.nex
484,late,,data.nex
485,late,,data.nex
486,late,,data.nex
487,late,,data.nex
488,late,,data.nex
489,late,,data.nex
490,late,,data.nex
491,late,,data.nex
492,late,,data.nex
493,late,,data.nex
494,late,,data.nex
495,late,,data.nex
496,late,,data.nex
497,late,,data.nex
498,late,,data.nex
499,late,,data.nex
500,late,,data.nex
501,late,,data.nex
502,late,,data.nex
503,late,,data.nex
504,late,,data.nex
505,late,,data.nex
506,left_ascertainment,,data.nex
507,left,,data.nex
508,left,,data.nex
509,left,,data.nex
510,left,,data.nex
511,left,,data.nex
512,left,,data.nex
513,left,,data.nex
514,left,,data.nex
515,left,,data.nex
516,left,,data.nex
517,left,,data.nex
518,left,,data.nex
519,left,,data.nex
520,left,,data.nex
521,left,,data.nex
522,left,,data.nex
523,left,,data.nex
524,left,,data.nex
525,left,,data.nex
526,left,,data.nex
527,left,,data.nex
528,left,,data.nex
529,left,,data.nex
530,left,,data.nex
531,left,,data.nex
532,left,,data.nex
533,left,,data.nex
534,light_of_weight_ascertainment,,data.nex
535,light_of_weight,,data.nex
536,light_of_weight,,data.nex
537,light_of_weight,,data.nex
538,light_of_weight,,data.nex
539,light_of_weight,,data.nex
540,light_of_weight,,data.nex
541,light_of_weight,,data.nex
542,light_of_weight,,data.nex
543,light_of_weight,,data.nex
544,light_of_weight,,data.nex
545,light_of_weight,,data.nex
546,light_of_weight,,data.nex
547,long_ascertainment,,data.nex
548,long,,data.nex
549,long,,data.nex
550,long,,data.nex
551,long,,data.nex
552,long,,data.nex
553,long,,data.nex
554,long,,data.nex
555,long,,data.nex
556,long,,data.nex
557,long,,data.nex
558,long,,data.nex
559,long,,data.nex
560,long,,data.nex
561,long,,data.nex
562,long,,data.nex
563,long,,data.nex
564,long,,data.nex
565,long,,data.nex
566,long,,data.nex
567,long,,data.nex
568,long,,data.nex
569,long,,data.nex
570,long,,data.nex
571,long,,data.nex
572,long,,data.nex
573,long,,data.nex
574,long,,data.nex
575,long,,data.nex
576,long,,data.nex
577,many_ascertainment,,data.nex
578,many,,data.nex
579,many,,data.nex
580,many,,data.nex
581,many,,data.nex
582,many,,data.nex
583,many,,data.nex
584,many,,data.nex
585,many,,data.nex
586,many,,data.nex
587,many,,data.nex
588,many,,data.nex
589,many,,data.nex
590,many,,data.nex
591,many,,data.nex
592,many,,data.nex
593,many,,data.nex
594,many,,data.nex
595,many,,data.nex
596,many,,data.nex
597,many,,data.nex
598,many,,data.nex
599,many,,data.nex
600,many,,data.nex
601,many,,data.nex
602,many,,data.nex
603,many,,data.nex
604,many,,data.nex
605,many,,data.nex
606,many,,data.nex
607,many,,data.nex
608,many,,data.nex
609,many,,data.nex
610,many,,data.nex
611,many,,data.nex
612,many,,data.nex
613,many,,data.nex
614,many,,data.nex
615,middle_ascertainment,,data.nex
616,middle,,data.nex
617,middle,,data.nex
618,middle,,data.nex
619,middle,,data.nex
620,middle,,data.nex
621,middle,,data.nex
622,middle,,data.nex
623,middle,,data.nex
624,middle,,data.nex
625,middle,,data.nex
626,middle,,data.nex
627,middle,,data.nex
628,middle,,data.nex
629,middle,,data.nex
630,middle,,data.nex
631,middle,,data.nex
632,middle,,data.nex
633,middle,,data.nex
634,middle,,data.nex
635,middle,,data.nex
636,middle,,data.nex
637,middle,,data.nex
638,middle,,data.nex
639,middle,,data.nex
640,middle,,data.nex
641,middle,,data.nex
642,middle,,data.nex
643,middle,,data.nex
644,middle,,data.nex
645,middle,,data.nex
646,morning_ascertainment,,data.nex
647,morning,,data.nex
648,morning,,data.nex
649,morning,,data.nex
650,morning,,data.nex
651,morning,,data.nex
652,morning,,data.nex
653,morning,,data.nex
654,morning,,data.nex
655,morning,,data.nex
656,morning,,data.nex
657,morning,,data.nex
658,morning,,data.nex
659,morning,,data.nex
660,morning,,data.nex
661,morning,,data.nex
662,morning,,data.nex
663,morning,,data.nex
664,morning,,data.nex
665,morning,,data.nex
666,morning,,data.nex
667,morning,,data.nex
668,morning,,data.nex
669,morning,,data.nex
670,morning,,data.nex
671,morning,,data.nex
672,morning,,data.nex
673,morning,,data.nex
674,morning,,data.nex
675,morning,,data.nex
676,narrow_ascertainment,,data.nex
677,narrow,,data.nex
678,narrow,,data.nex
679,narrow,,data.nex
680,narrow,,data.nex
681,narrow,,data.nex
682,narrow,,data.nex
683,narrow,,data.nex
684,narrow,,data.nex
685,narrow,,data.nex
686,narrow,,data.nex
687,narrow,,data.nex
688,narrow,,data.nex
689,narrow,,data.nex
690,narrow,,data.nex
691,narrow,,data.nex
692,narrow,,data.nex
693,narrow,,data.nex
694,narrow,,data.nex
695,narrow,,data.nex
696,narrow,,data.nex
697,narrow,,data.nex
698,narrow,,data.nex
699,narrow,,data.nex
700,narrow,,data.nex
701,narrow,,data.nex
702,narrow,,data.nex
703,narrow,,data.nex
704,narrow,,data.nex
705,narrow,,data.nex
706,narrow,,data.nex
707,near_ascertainment,,data.nex
708,near,,data.nex
709,near,,data.nex
710,near,,data.nex
711,near,,data.nex
712,near,,data.nex
713,near,,data.nex
714,near,,data.nex
715,near,,data.nex
716,near,,data.nex
717,near,,data.nex
718,near,,data.nex
719,near,,data.nex
720,near,,data.nex
721,near,,data.nex
722,near,,data.nex
723,near,,data.nex
724,near,,data.nex
725,near,,data.nex
726,near,,data.nex
727,near,,data.nex
728,near,,data.nex
729,near,,data.nex
730,near,,data.nex
731,near,,data.nex
732,near,,data.nex
733,near,,data.nex
734,new_ascertainment,,data.nex
735,new,,data.nex
736,new,,data.nex
737,new,,data.nex
738,new,,data.nex
739,new,,data.nex
740,new,,data.nex
741,new,,data.nex
742,new,,data.nex
743,new,,data.nex
744,new,,data.nex
745,new,,data.nex
746,new,,data.nex
747,new,,data.nex
748,new,,data.nex
749,new,,data.nex
750,new,,data.nex
751,new,,data.nex
752,new,,data.nex
753,nine_ascertainment,,data.nex
754,nine,,data.nex
755,nine,,data.nex
756,nine,,data.nex
757,nine,,data.nex
758,nine,,data.nex
759,old_of_person_ascertainment,,data.nex
760,old_of_person,,data.nex
761,old_of_person,,data.nex
762,old_of_person,,data.nex
763,old_of_person,,data.nex
764,old_of_person,,data.nex
765,old_of_person,,data.nex
766,old_of_person,,data.nex
767,old_of_person,,data.nex
768,old_of_person,,data.nex
769,old_of_person,,data.nex
770,old_of_person,,data.nex
771,old_of_person,,data.nex
772,old_of_person,,data.nex
773,old_of_person,,data.nex
774,old_of_person,,data.nex
775,old_of_person,,data.nex
776,old_of_person,,data.nex
777,old_of_person,,data.nex
778,old_of_person,,data.nex
779,old_of_person,,data.nex
780,old_of_person,,data.nex
781,old_of_person,,data.nex
782,old_of_person,,data.nex
783,old_of_person,,data.nex
784,old_of_person,,data.nex
785,old_of_person,,data.nex
786,old_of_person,,data.nex
787,old_of_person,,data.nex
788,old_of_person,,data.nex
789,old_of_person,,data.nex
790,old_of_person,,data.nex
791,old_of_person,,data.nex
792,one_ascertainment,,data.nex
793,one,,data.nex
794,one,,data.nex
795,one,,data.nex
796,one,,data.nex
797,one,,data.nex
798,one,,data.nex
799,one,,data.nex
800,one,,data.nex
801,one,,data.nex
802,one,,data.nex
803,one,,data.nex
804,one,,data.nex
805,one,,data.nex
806,one,,data.nex
807,outside_ascertainment,,data.nex
808,outside,,data.nex
809,outside,,data.nex
810,outside,,data.nex
811,outside,,data.nex
812,outside,,data.nex
813,outside,,data.nex
814,outside,,data.nex
815,outside,,data.nex
816,outside,,data.nex
817,outside,,data.nex
818,outside,,data.nex
819,outside,,data.nex
820,outside,,data.nex
821,outside,,data.nex
822,outside,,data.nex
823,outside,,data.nex
824,outside,,data.nex
825,outside,,data.nex
826,outside,,data.nex
827,outside,,data.nex
828,outside,,data.nex
829,outside,,data.nex
830,outside,,data.nex
831,outside,,data.nex
832,outside,,data.nex
833,outside,,data.nex
834,outside,,data.nex
835,outside,,data.nex
836,outside,,data.nex
837,outside,,data.nex
838,outside,,data.nex
839,outside,,data.nex
840,outside,,data.nex
841,outside,,data.nex
842,red_ascertainment,,data.nex
843,red,,data.nex
844,red,,data.nex
845,red,,data.nex
846,red,,data.nex
847,red,,data.nex
848,red,,data.nex
849,red,,data.nex
850,red,,data.nex
851,red,,data.nex
852,red,,data.nex
853,red,,data.nex
854,red,,data.nex
855,red,,data.nex
856,red,,data.nex
857,red,,data.nex
858,red,,data.nex
859,red,,data.nex
860,red,,data.nex
861,red,,data.nex
862,right_ascertainment,,data.nex
863,right,,data.nex
864,right,,data.nex
865,right,,data.nex
866,right,,data.nex
867,right,,data.nex
868,right,,data.nex
869,right,,data.nex
870,right,,data.nex
871,right,,data.nex
872,right,,data.nex
873,right,,data.nex
874,right,,data.nex
875,right,,data.nex
876,right,,data.nex
877,right,,data.nex
878,right,,data.nex
879,right,,data.nex
880,right,,data.nex
881,right,,data.nex
882,right,,data.nex
883,right,,data.nex
884,right,,data.nex
885,round_ascertainment,,data.nex
886,round,,data.nex
887,round,,data.nex
888,round,,data.nex
889,round,,data.nex
890,round,,data.nex
891,round,,data.nex
892,round,,data.nex
893,round,,data.nex
894,round,,data.nex
895,round,,data.nex
896,round,,data.nex
897,round,,data.nex
898,round,,data.nex
899,round,,data.nex
900,round,,data.nex
901,round,,data.nex
902,round,,data.nex
903,round,,data.nex
904,round,,data.nex
905,round,,data.nex
906,round,,data.nex
907,round,,data.nex
908,round,,data.nex
909,round,,data.nex
910,round,,data.nex
911,round,,data.nex
912,round,,data.nex
913,round,,data.nex
914,round,,data.nex
915,round,,data.nex
916,seven_ascertainment,,data.nex
917,seven,,data.nex
918,seven,,data.nex
919,seven,,data.nex
920,seven,,data.nex
921,seven,,data.nex
922,seven,,data.nex
923,seven,,data.nex
924,seven,,data.nex
925,seven,,data.nex
926,sharp_ascertainment,,data.nex
927,sharp,,data.nex
928,sharp,,data.nex
929,sharp,,data.nex
930,sharp,,data.nex
931,sharp,,data.nex
932,sharp,,data.nex
933,sharp,,data.nex
934,sharp,,data.nex
935,sharp,,data.nex
936,sharp,,data.nex
937,sharp,,data.nex
938,sharp,,data.nex
939,sharp,,data.nex
940,sharp,,data.nex
941,sharp,,data.nex
942,sharp,,data.nex
943,sharp,,data.nex
944,sharp,,data.nex
945,sharp,,data.nex
946,sharp,,data.nex
947,sharp,,data.nex
948,sharp,,data.nex
949,sharp,,data.nex
950,sharp,,data.nex
951,short_ascertainment,,data.nex
952,short,,data.nex
953,short,,data.nex
954,short,,data.nex
955,short,,data.nex
956,short,,data.nex
957,short,,data.nex
958,short,,data.nex
959,short,,data.nex
960,short,,data.nex
961,short,,data.nex
962,short,,data.nex
963,short,,data.nex
964,short,,data.nex
965,short,,data.nex
966,short,,data.nex
967,short,,data.nex
968,short,,data.nex
969,short,,data.nex
970,short,,data.nex
971,short,,data.nex
972,short,,data.nex
973,short,,data.nex
974,short,,data.nex
975,short,,data.nex
976,short,,data.nex
977,six_ascertainment,,data.nex
978,six,,data.nex
979,six,,data.nex
980,six,,data.nex
981,six,,data.nex
982,small_ascertainment,,data.nex
983,small,,data.nex
984,small,,data.nex
985,small,,data.nex
986,small,,data.nex
987,small,,data.nex
988,small,,data.nex
989,small,,data.nex
990,small,,data.nex
991,small,,data.nex
992,small,,data.nex
993,small,,data.nex
994,small,,data.nex
995,small,,data.nex
996,small,,data.nex
997,small,,data.nex
998,small,,data.nex
999,small,,data.nex
1000,small,,data.nex
1001,small,,data.nex
1002,small,,data.nex
1003,small,,data.nex
1004,small,,data.nex
1005,small,,data.nex
1006,small,,data.nex
1007,small,,data.nex
1008,small,,data.nex
1009,small,,data.nex
1010,small,,data.nex
1011,small,,data.nex
1012,soft_ascertainment,,data.nex
1013,soft,,data.nex
1014,soft,,data.nex
1015,soft,,data.nex
1016,soft,,data.nex
1017,soft,,data.nex
1018,soft,,data.nex
1019,soft,,data.nex
1020,soft,,data.nex
1021,soft,,data.nex
1022,soft,,data.nex
1023,soft,,data.nex
1024,soft,,data.nex
1025,soft,,data.nex
1026,soft,,data.nex
1027,soft,,data.nex
1028,soft,,data.nex
1029,soft,,data.nex
1030,soft,,data.nex
1031,soft,,data.nex
1032,soft,,data.nex
1033,soft,,data.nex
1034,soft,,data.nex
1035,soft,,data.nex
1036,soft,,data.nex
1037,soft,,data.nex
1038,soft,,data.nex
1039,soft,,data.nex
1040,soft,,data.nex
1041,soft,,data.nex
1042,soft,,data.nex
1043,soft,,data.nex
1044,soft,,data.nex
1045,soft,,data.nex
1046,soft,,data.nex
1047,straight_ascertainment,,data.nex
1048,straight,,data.nex
1049,straight,,data.nex
1050,straight,,data.nex
1051,straight,,data.nex
1052,straight,,data.nex
1053,straight,,data.nex
1054,straight,,data.nex
1055,straight,,data.nex
1056,straight,,data.nex
1057,straight,,data.nex
1058,straight,,data.nex
1059,straight,,data.nex
1060,straight,,data.nex
1061,straight,,data.nex
1062,straight,,data.nex
1063,straight,,data.nex
1064,straight,,data.nex
1065,straight,,data.nex
1066,straight,,data.nex
1067,straight,,data.nex
1068,straight,,data.nex
1069,straight,,data.nex
1070,straight,,data.nex
1071,straight,,data.nex
1072,straight,,data.nex
1073,straight,,data.nex
1074,straight,,data.nex
1075,straight,,data.nex
1076,straight,,data.nex
1077,straight,,data.nex
1078,straight,,data.nex
1079,straight,,data.nex
1080,straight,,data.nex
1081,ten_ascertainment,,data.nex
1082,ten,,data.nex
1083,ten,,data.nex
1084,ten,,data.nex
1085,ten,,data.nex
1086,ten,,data.nex
1087,ten,,data.nex
1088,ten,,data.nex
1089,ten,,data.nex
1090,ten,,data.nex
1091,ten,,data.nex
1092,ten,,data.nex
1093,ten,,data.nex
1094,ten,,data.nex
1095,ten,,data.nex
1096,the_ant_ascertainment,,data.nex
1097,the_ant,,data.nex
1098,the_ant,,data.nex
1099,the_ant,,data.nex
1100,the_ant,,data.nex
1101,the_ant,,data.nex
1102,the_ant,,data.nex
1103,the_ant,,data.nex
1104,the_ant,,data.nex
1105,the_ant,,data.nex
1106,the_ant,,data.nex
1107,the_ant,,data.nex
1108,the_ant,,data.nex
1109,the_ant,,data.nex
1110,the_ant,,data.nex
1111,the_ant,,data.nex
1112,the_ant,,data.nex
1113,the_ant,,data.nex
1114,the_ant,,data.nex
1115,the_ant,,data.nex
1116,the_ant,,data.nex
1117,the_ant,,data.nex
1118,the_ant,,data.nex
1119,the_ant,,data.nex
1120,the_bamboo_ascertainment,,data.nex
1121,the_bamboo,,data.nex
1122,the_bamboo,,data.nex
1123,the_bamboo,,data.nex
1124,the_bamboo,,data.nex
1125,the_bamboo,,data.nex
1126,the_bamboo,,data.nex
1127,the_bamboo,,data.nex
1128,the_bamboo,,data.nex
1129,the_bamboo,,data.nex
1130,the_bamboo,,data.nex
1131,the_bamboo,,data.nex
1132,the_bamboo,,data.nex
1133,the_bamboo,,data.nex
1134,the_bamboo,,data.nex
1135,the_bamboo,,data.nex
1136,the_bamboo,,data.nex
1137,the_bamboo,,data.nex
1138,the_bamboo,,data.nex
1139,the_bamboo,,data.nex
1140,the_bamboo,,data.nex
1141,the_bamboo,,data.nex
1142,the_belly_ascertainment,,data.nex
1143,the_belly,,data.nex
1144,the_belly,,data.nex
1145,the_belly,,data.nex
1146,the_belly,,data.nex
1147,the_belly,,data.nex
1148,the_belly,,data.nex
1149,the_belly,,data.nex
1150,the_belly,,data.nex
1151,the_belly,,data.nex
1152,the_belly,,data.nex
1153,the_belly,,data.nex
1154,the_belly,,data.nex
1155,the_belly,,data.nex
1156,the_belly,,data.nex
1157,the_belly,,data.nex
1158,the_belly,,data.nex
1159,the_belly,,data.nex
1160,the_belly,,data.nex
1161,the_bird_ascertainment,,data.nex
1162,the_bird,,data.nex
1163,the_bird,,data.nex
1164,the_bird,,data.nex
1165,the_bird,,data.nex
1166,the_bird,,data.nex
1167,the_bird,,data.nex
1168,the_bird,,data.nex
1169,the_bird,,data.nex
1170,the_bird,,data.nex
1171,the_bird,,data.nex
1172,the_bird,,data.nex
1173,the_bird,,data.nex
1174,the_bird,,data.nex
1175,the_bird,,data.nex
1176,the_bird,,data.nex
1177,the_bird,,data.nex
1178,the_bird,,data.nex
1179,the_bird,,data.nex
1180,the_bird,,data.nex
1181,the_bird,,data.nex
1182,the_bird,,data.nex
1183,the_blood_ascertainment,,data.nex
1184,the_blood,,data.nex
1185,the_blood,,data.nex
1186,the_blood,,data.nex
1187,the_blood,,data.nex
1188,the_blood,,data.nex
1189,the_bone_ascertainment,,data.nex
1190,the_bone,,data.nex
1191,the_bone,,data.nex
1192,the_bone,,data.nex
1193,the_bone,,data.nex
1194,the_bone,,data.nex
1195,the_bone,,data.nex
1196,the_bone,,data.nex
1197,the_bone,,data.nex
1198,the_bone,,data.nex
1199,the_bone,,data.nex
1200,the_bone,,data.nex
1201,the_bone,,data.nex
1202,the_bone,,data.nex
1203,the_bone,,data.nex
1204,the_branch_ascertainment,,data.nex
1205,the_branch,,data.nex
1206,the_branch,,data.nex
1207,the_branch,,data.nex
1208,the_branch,,data.nex
1209,the_branch,,data.nex
1210,the_branch,,data.nex
1211,the_branch,,data.nex
1212,the_branch,,data.nex
1213,the_branch,,data.nex
1214,the_branch,,data.nex
1215,the_branch,,data.nex
1216,the_branch,,data.nex
1217,the_branch,,data.nex
1218,the_branch,,data.nex
1219,the_branch,,data.nex
1220,the_branch,,data.nex
1221,the_branch,,data.nex
1222,the_branch,,data.nex
1223,the_branch,,data.nex
1224,the_branch,,data.nex
1225,the_branch,,data.nex
1226,the_branch,,data.nex
1227,the_branch,,data.nex
1228,the_branch,,data.nex
1229,the_branch,,data.nex
1230,the_branch,,data.nex
1231,the_breast_female_ascertainment,,data.nex
1232,the_breast_female,,data.nex
1233,the_breast_female,,data.nex
1234,the_breast_female,,data.nex
1235,the_breast_female,,data.nex
1236,the_breast_female,,data.nex
1237,the_breast_female,,data.nex
1238,the_breast_female,,data.nex
1239,the_breast_female,,data.nex
1240,the_breast_female,,data.nex
1241,the_breast_female,,data.nex
1242,the_breast_female,,data.nex
1243,the_breast_female,,data.nex
1244,the_breast_female,,data.nex
1245,the_breast_female,,data.nex
1246,the_breast_female,,data.nex
1247,the_cloud_ascertainment,,data.nex
1248,the_cloud,,data.nex
1249,the_cloud,,data.nex
1250,the_cloud,,data.nex
1251,the_cloud,,data.nex
1252,the_cloud,,data.nex
1253,the_cloud,,data.nex
1254,the_cloud,,data.nex
1255,the_cloud,,data.nex
1256,the_cloud,,data.nex
1257,the_cloud,,data.nex
1258,the_cloud,,data.nex
1259,the_cloud,,data.nex
1260,the_cloud,,data.nex
1261,the_cloud,,data.nex
1262,the_cloud,,data.nex
1263,the_cloud,,data.nex
1264,the_cloud,,data.nex
1265,the_cloud,,data.nex
1266,the_dew_ascertainment,,data.nex
1267,the_dew,,data.nex
1268,the_dew,,data.nex
1269,the_dew,,data.nex
1270,the_dew,,data.nex
1271,the_dew,,data.nex
1272,the_dew,,data.nex
1273,the_dew,,data.nex
1274,the_dew,,data.nex
1275,the_dew,,data.nex
1276,the_dew,,data.nex
1277,the_dew,,data.nex
1278,the_dew,,data.nex
1279,the_dew,,data.nex
1280,the_dew,,data.nex
1281,the_dew,,data.nex
1282,the_dew,,data.nex
1283,the_dew,,data.nex
1284,the_dew,,data.nex
1285,the_dew,,data.nex
1286,the_dew,,data.nex
1287,the_dew,,data.nex
1288,the_dew,,data.nex
1289,the_dew,,data.nex
1290,the_dew,,data.nex
1291,the_dog_ascertainment,,data.nex
1292,the_dog,,data.nex
1293,the_dog,,data.nex
1294,the_dog,,data.nex
1295,the_dog,,data.nex
1296,the_dog,,data.nex
1297,the_dog,,data.nex
1298,the_dog,,data.nex
1299,the_dog,,data.nex
1300,the_dog,,data.nex
1301,the_dog,,data.nex
1302,the_dream_ascertainment,,data.nex
1303,the_dream,,data.nex
1304,the_dream,,data.nex
1305,the_dream,,data.nex
1306,the_dream,,data.nex
1307,the_dream,,data.nex
1308,the_dust_ascertainment,,data.nex
1309,the_dust,,data.nex
1310,the_dust,,data.nex
1311,the_dust,,data.nex
1312,the_dust,,data.nex
1313,the_dust,,data.nex
1314,the_dust,,data.nex
1315,the_dust,,data.nex
1316,the_dust,,data.nex
1317,the_dust,,data.nex
1318,the_dust,,data.nex
1319,the_dust,,data.nex
1320,the_dust,,data.nex
1321,the_dust,,data.nex
1322,the_dust,,data.nex
1323,the_dust,,data.nex
1324,the_dust,,data.nex
1325,the_dust,,data.nex
1326,the_dust,,data.nex
1327,the_dust,,data.nex
1328,the_dust,,data.nex
1329,the_ear_ascertainment,,data.nex
1330,the_ear,,data.nex
1331,the_ear,,data.nex
1332,the_ear,,data.nex
1333,the_ear,,data.nex
1334,the_ear,,data.nex
1335,the_earth_soil_ascertainment,,data.nex
1336,the_earth_soil,,data.nex
1337,the_earth_soil,,data.nex
1338,the_earth_soil,,data.nex
1339,the_earth_soil,,data.nex
1340,the_earth_soil,,data.nex
1341,the_earth_soil,,data.nex
1342,the_earth_soil,,data.nex
1343,the_earth_soil,,data.nex
1344,the_earth_soil,,data.nex
1345,the_earth_soil,,data.nex
1346,the_earth_soil,,data.nex
1347,the_earth_soil,,data.nex
1348,the_earth_soil,,data.nex
1349,the_earth_soil,,data.nex
1350,the_earth_soil,,data.nex
1351,the_earth_soil,,data.nex
1352,the_earth_soil,,data.nex
1353,the_earth_soil,,data.nex
1354,the_earth_soil,,data.nex
1355,the_earth_soil,,data.nex
1356,the_earth_soil,,data.nex
1357,the_earth_soil,,data.nex
1358,the_earth_soil,,data.nex
1359,the_earth_soil,,data.nex
1360,the_earth_soil,,data.nex
1361,the_earth_soil,,data.nex
1362,the_egg_ascertainment,,data.nex
1363,the_egg,,data.nex
1364,the_egg,,data.nex
1365,the_egg,,data.nex
1366,the_egg,,data.nex
1367,the_egg,,data.nex
1368,the_egg,,data.nex
1369,the_egg,,data.nex
1370,the_egg,,data.nex
1371,the_egg,,data.nex
1372,the_egg,,data.nex
1373,the_egg,,data.nex
1374,the_egg,,data.nex
1375,the_egg,,data.nex
1376,the_egg,,data.nex
1377,the_egg,,data.nex
1378,the_egg,,data.nex
1379,the_egg,,data.nex
1380,the_egg,,data.nex
1381,the_egg,,data.nex
1382,the_eye_ascertainment,,data.nex
1383,the_eye,,data.nex
1384,the_eye,,data.nex
1385,the_eye,,data.nex
1386,the_eye,,data.nex
1387,the_eye,,data.nex
1388,the_feather_ascertainment,,data.nex
1389,the_feather,,data.nex
1390,the_feather,,data.nex
1391,the_feather,,data.nex
1392,the_feather,,data.nex
1393,the_feather,,data.nex
1394,the_feather,,data.nex
1395,the_feather,,data.nex
1396,the_feather,,data.nex
1397,the_feather,,data.nex
1398,the_feather,,data.nex
1399,the_feather,,data.nex
1400,the_feather,,data.nex
1401,the_feather,,data.nex
1402,the_feather,,data.nex
1403,the_feather,,data.nex
1404,the_feather,,data.nex
1405,the_feather,,data.nex
1406,the_feather,,data.nex
1407,the_fire_ascertainment,,data.nex
1408,the_fire,,data.nex
1409,the_fire,,data.nex
1410,the_fire,,data.nex
1411,the_fire,,data.nex
1412,the_fire,,data.nex
1413,the_fire,,data.nex
1414,the_fire,,data.nex
1415,the_fire,,data.nex
1416,the_fish_ascertainment,,data.nex
1417,the_fish,,data.nex
1418,the_fish,,data.nex
1419,the_fish,,data.nex
1420,the_fish,,data.nex
1421,the_fish,,data.nex
1422,the_fish,,data.nex
1423,the_fish,,data.nex
1424,the_flea_ascertainment,,data.nex
1425,the_flea,,data.nex
1426,the_flea,,data.nex
1427,the_flea,,data.nex
1428,the_flea,,data.nex
1429,the_flea,,data.nex
1430,the_flea,,data.nex
1431,the_flea,,data.nex
1432,the_flea,,data.nex
1433,the_flea,,data.nex
1434,the_flea,,data.nex
1435,the_flea,,data.nex
1436,the_flea,,data.nex
1437,the_flower_ascertainment,,data.nex
1438,the_flower,,data.nex
1439,the_flower,,data.nex
1440,the_flower,,data.nex
1441,the_flower,,data.nex
1442,the_flower,,data.nex
1443,the_flower,,data.nex
1444,the_flower,,data.nex
1445,the_flower,,data.nex
1446,the_flower,,data.nex
1447,the_flower,,data.nex
1448,the_flower,,data.nex
1449,the_flower,,data.nex
1450,the_flower,,data.nex
1451,the_flower,,data.nex
1452,the_flower,,data.nex
1453,the_flower,,data.nex
1454,the_flower,,data.nex
1455,the_flower,,data.nex
1456,the_flower,,data.nex
1457,the_flower,,data.nex
1458,the_foot_ascertainment,,data.nex
1459,the_foot,,data.nex
1460,the_foot,,data.nex
1461,the_foot,,data.nex
1462,the_foot,,data.nex
1463,the_foot,,data.nex
1464,the_foot,,data.nex
1465,the_foot,,data.nex
1466,the_foot,,data.nex
1467,the_foot,,data.nex
1468,the_foot,,data.nex
1469,the_foot,,data.nex
1470,the_foot,,data.nex
1471,the_foot,,data.nex
1472,the_foot,,data.nex
1473,the_foot,,data.nex
1474,the_foot,,data.nex
1475,the_foot,,data.nex
1476,the_foot,,data.nex
1477,the_foot,,data.nex
1478,the_foot,,data.nex
1479,the_forest_ascertainment,,data.nex
1480,the_forest,,data.nex
1481,the_forest,,data.nex
1482,the_forest,,data.nex
1483,the_forest,,data.nex
1484,the_forest,,data.nex
1485,the_forest,,data.nex
1486,the_forest,,data.nex
1487,the_forest,,data.nex
1488,the_forest,,data.nex
1489,the_forest,,data.nex
1490,the_forest,,data.nex
1491,the_forest,,data.nex
1492,the_forest,,data.nex
1493,the_forest,,data.nex
1494,the_forest,,data.nex
1495,the_forest,,data.nex
1496,the_forest,,data.nex
1497,the_forest,,data.nex
1498,the_forest,,data.nex
1499,the_forest,,data.nex
1500,the_forest,,data.nex
1501,the_forest,,data.nex
1502,the_forest,,data.nex
1503,the_frog_ascertainment,,data.nex
1504,the_frog,,data.nex
1505,the_frog,,data.nex
1506,the_frog,,data.nex
1507,the_frog,,data.nex
1508,the_frog,,data.nex
1509,the_frog,,data.nex
1510,the_frog,,data.nex
1511,the_frog,,data.nex
1512,the_frog,,data.nex
1513,the_frog,,data.nex
1514,the_frog,,data.nex
1515,the_frog,,data.nex
1516,the_frog,,data.nex
1517,the_frog,,data.nex
1518,the_frog,,data.nex
1519,the_frog,,data.nex
1520,the_frog,,data.nex
1521,the_frog,,data.nex
1522,the_front_front_side_ascertainment,,data.nex
1523,the_front_front_side,,data.nex
1524,the_front_front_side,,data.nex
1525,the_front_front_side,,data.nex
1526,the_front_front_side,,data.nex
1527,the_front_front_side,,data.nex
1528,the_front_front_side,,data.nex
1529,the_front_front_side,,data.nex
1530,the_front_front_side,,data.nex
1531,the_front_front_side,,data.nex
1532,the_front_front_side,,data.nex
1533,the_front_front_side,,data.nex
1534,the_front_front_side,,data.nex
1535,the_front_front_side,,data.nex
1536,the_front_front_side,,data.nex
1537,the_front_front_side,,data.nex
1538,the_front_front_side,,data.nex
1539,the_front_front_side,,data.nex
1540,the_front_front_side,,data.nex
1541,the_front_front_side,,data.nex
1542,the_fruit_ascertainment,,data.nex
1543,the_fruit,,data.nex
1544,the_fruit,,data.nex
1545,the_fruit,,data.nex
1546,the_fruit,,data.nex
1547,the_fruit,,data.nex
1548,the_fruit,,data.nex
1549,the_fruit,,data.nex
1550,the_fruit,,data.nex
1551,the_fruit,,data.nex
1552,the_fruit,,data.nex
1553,the_fruit,,data.nex
1554,the_fruit,,data.nex
1555,the_fruit,,data.nex
1556,the_fruit,,data.nex
1557,the_fruit,,data.nex
1558,the_fruit,,data.nex
1559,the_goat_ascertainment,,data.nex
1560,the_goat,,data.nex
1561,the_goat,,data.nex
1562,the_goat,,data.nex
1563,the_goat,,data.nex
1564,the_goat,,data.nex
1565,the_goat,,data.nex
1566,the_goat,,data.nex
1567,the_goat,,data.nex
1568,the_goat,,data.nex
1569,the_goat,,data.nex
1570,the_goat,,data.nex
1571,the_goat,,data.nex
1572,the_goat,,data.nex
1573,the_goat,,data.nex
1574,the_goat,,data.nex
1575,the_goat,,data.nex
1576,the_goat,,data.nex
1577,the_goat,,data.nex
1578,the_goat,,data.nex
1579,the_goat,,data.nex
1580,the_goat,,data.nex
1581,the_goat,,data.nex
1582,the_grass_ascertainment,,data.nex
1583,the_grass,,data.nex
1584,the_grass,,data.nex
1585,the_grass,,data.nex
1586,the_grass,,data.nex
1587,the_grass,,data.nex
1588,the_grass,,data.nex
1589,the_grass,,data.nex
1590,the_grass,,data.nex
1591,the_grass,,data.nex
1592,the_grass,,data.nex
1593,the_grass,,data.nex
1594,the_grass,,data.nex
1595,the_grass,,data.nex
1596,the_grass,,data.nex
1597,the_grass,,data.nex
1598,the_grass,,data.nex
1599,the_grass,,data.nex
1600,the_grass,,data.nex
1601,the_grass,,data.nex
1602,the_grass,,data.nex
1603,the_grass,,data.nex
1604,the_grass,,data.nex
1605,the_grass,,data.nex
1606,the_grass,,data.nex
1607,the_grass,,data.nex
1608,the_hail_ascertainment,,data.nex
1609,the_hail,,data.nex
1610,the_hail,,data.nex
1611,the_hail,,data.nex
1612,the_hail,,data.nex
1613,the_hail,,data.nex
1614,the_hail,,data.nex
1615,the_hail,,data.nex
1616,the_hail,,data.nex
1617,the_hail,,data.nex
1618,the_hail,,data.nex
1619,the_hail,,data.nex
1620,the_hail,,data.nex
1621,the_hail,,data.nex
1622,the_hail,,data.nex
1623,the_hail,,data.nex
1624,the_hail,,data.nex
1625,the_hail,,data.nex
1626,the_hail,,data.nex
1627,the_hail,,data.nex
1628,the_hail,,data.nex
1629,the_hail,,data.nex
1630,the_hail,,data.nex
1631,the_hail,,data.nex
1632,the_hail,,data.nex
1633,the_hail,,data.nex
1634,the_hair_of_the_head_ascertainment,,data.nex
1635,the_hair_of_the_head,,data.nex
1636,the_hair_of_the_head,,data.nex
1637,the_hair_of_the_head,,data.nex
1638,the_hair_of_the_head,,data.nex
1639,the_hair_of_the_head,,data.nex
1640,the_hair_of_the_head,,data.nex
1641,the_hair_of_the_head,,data.nex
1642,the_hair_of_the_head,,data.nex
1643,the_hair_of_the_head,,data.nex
1644,the_hair_of_the_head,,data.nex
1645,the_hair_of_the_head,,data.nex
1646,the_hair_of_the_head,,data.nex
1647,the_hair_of_the_head,,data.nex
1648,the_hair_of_the_head,,data.nex
1649,the_hair_of_the_head,,data.nex
1650,the_hair_of_the_head,,data.nex
1651,the_hair_of_the_head,,data.nex
1652,the_hand_ascertainment,,data.nex
1653,the_hand,,data.nex
1654,the_hand,,data.nex
1655,the_hand,,data.nex
1656,the_hand,,data.nex
1657,the_hand,,data.nex
1658,the_hand,,data.nex
1659,the_hand,,data.nex
1660,the_hand,,data.nex
1661,the_hand,,data.nex
1662,the_hand,,data.nex
1663,the_head_ascertainment,,data.nex
1664,the_head,,data.nex
1665,the_head,,data.nex
1666,the_head,,data.nex
1667,the_head,,data.nex
1668,the_head,,data.nex
1669,the_head,,data.nex
1670,the_head,,data.nex
1671,the_head,,data.nex
1672,the_head,,data.nex
1673,the_head,,data.nex
1674,the_head,,data.nex
1675,the_head,,data.nex
1676,the_head,,data.nex
1677,the_head,,data.nex
1678,the_head,,data.nex
1679,the_head,,data.nex
1680,the_head,,data.nex
1681,the_head,,data.nex
1682,the_head,,data.nex
1683,the_head,,data.nex
1684,the_heart_ascertainment,,data.nex
1685,the_heart,,data.nex
1686,the_heart,,data.nex
1687,the_heart,,data.nex
1688,the_heart,,data.nex
1689,the_heart,,data.nex
1690,the_heart,,data.nex
1691,the_heart,,data.nex
1692,the_heart,,data.nex
1693,the_heart,,data.nex
1694,the_heart,,data.nex
1695,the_heart,,data.nex
1696,the_heart,,data.nex
1697,the_heart,,data.nex
1698,the_heart,,data.nex
1699,the_heart,,data.nex
1700,the_heart,,data.nex
1701,the_heart,,data.nex
1702,the_horn_keratinized_skin_ascertainment,,data.nex
1703,the_horn_keratinized_skin,,data.nex
1704,the_horn_keratinized_skin,,data.nex
1705,the_horn_keratinized_skin,,data.nex
1706,the_horn_keratinized_skin,,data.nex
1707,the_horn_keratinized_skin,,data.nex
1708,the_horn_keratinized_skin,,data.nex
1709,the_horn_keratinized_skin,,data.nex
1710,the_horn_keratinized_skin,,data.nex
1711,the_horn_keratinized_skin,,data.nex
1712,the_horn_keratinized_skin,,data.nex
1713,the_horn_keratinized_skin,,data.nex
1714,the_house_ascertainment,,data.nex
1715,the_house,,data.nex
1716,the_house,,data.nex
1717,the_house,,data.nex
1718,the_house,,data.nex
1719,the_house,,data.nex
1720,the_house,,data.nex
1721,the_house,,data.nex
1722,the_house,,data.nex
1723,the_house,,data.nex
1724,the_house,,data.nex
1725,the_house,,data.nex
1726,the_house,,data.nex
1727,the_knee_ascertainment,,data.nex
1728,the_knee,,data.nex
1729,the_knee,,data.nex
1730,the_knee,,data.nex
1731,the_knee,,data.nex
1732,the_knee,,data.nex
1733,the_knee,,data.nex
1734,the_knee,,data.nex
1735,the_knee,,data.nex
1736,the_knee,,data.nex
1737,the_knee,,data.nex
1738,the_knee,,data.nex
1739,the_knee,,data.nex
1740,the_knee,,data.nex
1741,the_knee,,data.nex
1742,the_knee,,data.nex
1743,the_knee,,data.nex
1744,the_knee,,data.nex
1745,the_knee,,data.nex
1746,the_knee,,data.nex
1747,the_leaf_ascertainment,,data.nex
1748,the_leaf,,data.nex
1749,the_leaf,,data.nex
1750,the_leaf,,data.nex
1751,the_leaf,,data.nex
1752,the_leaf,,data.nex
1753,the_leaf,,data.nex
1754,the_leaf,,data.nex
1755,the_leaf,,data.nex
1756,the_leaf,,data.nex
1757,the_leaf,,data.nex
1758,the_leaf,,data.nex
1759,the_leaf,,data.nex
1760,the_leaf,,data.nex
1761,the_leaf,,data.nex
1762,the_leaf,,data.nex
1763,the_leaf,,data.nex
1764,the_leaf,,data.nex
1765,the_leaf,,data.nex
1766,the_leaf,,data.nex
1767,the_leaf,,data.nex
1768,the_leaf,,data.nex
1769,the_leaf,,data.nex
1770,the_lip_the_lips_ascertainment,,data.nex
1771,the_lip_the_lips,,data.nex
1772,the_lip_the_lips,,data.nex
1773,the_lip_the_lips,,data.nex
1774,the_lip_the_lips,,data.nex
1775,the_lip_the_lips,,data.nex
1776,the_lip_the_lips,,data.nex
1777,the_lip_the_lips,,data.nex
1778,the_lip_the_lips,,data.nex
1779,the_lip_the_lips,,data.nex
1780,the_lip_the_lips,,data.nex
1781,the_lip_the_lips,,data.nex
1782,the_lip_the_lips,,data.nex
1783,the_lip_the_lips,,data.nex
1784,the_lip_the_lips,,data.nex
1785,the_lip_the_lips,,data.nex
1786,the_lip_the_lips,,data.nex
1787,the_lip_the_lips,,data.nex
1788,the_lip_the_lips,,data.nex
1789,the_lip_the_lips,,data.nex
1790,the_lip_the_lips,,data.nex
1791,the_lip_the_lips,,data.nex
1792,the_lip_the_lips,,data.nex
1793,the_liver_ascertainment,,data.nex
1794,the_liver,,data.nex
1795,the_liver,,data.nex
1796,the_liver,,data.nex
1797,the_liver,,data.nex
1798,the_liver,,data.nex
1799,the_liver,,data.nex
1800,the_liver,,data.nex
1801,the_liver,,data.nex
1802,the_liver,,data.nex
1803,the_liver,,data.nex
1804,the_louse_ascertainment,,data.nex
1805,the_louse,,data.nex
1806,the_louse,,data.nex
1807,the_louse,,data.nex
1808,the_louse,,data.nex
1809,the_louse,,data.nex
1810,the_lung_ascertainment,,data.nex
1811,the_lung,,data.nex
1812,the_lung,,data.nex
1813,the_lung,,data.nex
1814,the_lung,,data.nex
1815,the_lung,,data.nex
1816,the_lung,,data.nex
1817,the_lung,,data.nex
1818,the_lung,,data.nex
1819,the_lung,,data.nex
1820,the_lung,,data.nex
1821,the_lung,,data.nex
1822,the_lung,,data.nex
1823,the_lung,,data.nex
1824,the_lung,,data.nex
1825,the_lung,,data.nex
1826,the_lung,,data.nex
1827,the_lung,,data.nex
1828,the_lung,,data.nex
1829,the_lung,,data.nex
1830,the_lung,,data.nex
1831,the_lung,,data.nex
1832,the_lung,,data.nex
1833,the_man_male_human_ascertainment,,data.nex
1834,the_man_male_human,,data.nex
1835,the_man_male_human,,data.nex
1836,the_man_male_human,,data.nex
1837,the_man_male_human,,data.nex
1838,the_man_male_human,,data.nex
1839,the_man_male_human,,data.nex
1840,the_man_male_human,,data.nex
1841,the_man_male_human,,data.nex
1842,the_man_male_human,,data.nex
1843,the_man_male_human,,data.nex
1844,the_man_male_human,,data.nex
1845,the_man_male_human,,data.nex
1846,the_man_male_human,,data.nex
1847,the_man_male_human,,data.nex
1848,the_man_male_human,,data.nex
1849,the_man_male_human,,data.nex
1850,the_man_male_human,,data.nex
1851,the_man_male_human,,data.nex
1852,the_man_male_human,,data.nex
1853,the_man_male_human,,data.nex
1854,the_man_male_human,,data.nex
1855,the_man_male_human,,data.nex
1856,the_man_male_human,,data.nex
1857,the_man_male_human,,data.nex
1858,the_man_male_human,,data.nex
1859,the_man_male_human,,data.nex
1860,the_man_male_human,,data.nex
1861,the_man_male_human,,data.nex
1862,the_man_male_human,,data.nex
1863,the_man_male_human,,data.nex
1864,the_meat_ascertainment,,data.nex
1865,the_meat,,data.nex
1866,the_meat,,data.nex
1867,the_meat,,data.nex
1868,the_meat,,data.nex
1869,the_meat,,data.nex
1870,the_meat,,data.nex
1871,the_meat,,data.nex
1872,the_meat,,data.nex
1873,the_meat,,data.nex
1874,the_meat,,data.nex
1875,the_meat,,data.nex
1876,the_meat,,data.nex
1877,the_meat,,data.nex
1878,the_moon_ascertainment,,data.nex
1879,the_moon,,data.nex
1880,the_moon,,data.nex
1881,the_moon,,data.nex
1882,the_moon,,data.nex
1883,the_moon,,data.nex
1884,the_moon,,data.nex
1885,the_mountain_ascertainment,,data.nex
1886,the_mountain,,data.nex
1887,the_mountain,,data.nex
1888,the_mountain,,data.nex
1889,the_mountain,,data.nex
1890,the_mountain,,data.nex
1891,the_mountain,,data.nex
1892,the_mountain,,data.nex
1893,the_mountain,,data.nex
1894,the_mountain,,data.nex
1895,the_mountain,,data.nex
1896,the_mountain,,data.nex
1897,the_mountain,,data.nex
1898,the_mountain,,data.nex
1899,the_mountain,,data.nex
1900,the_mountain,,data.nex
1901,the_mountain,,data.nex
1902,the_mountain,,data.nex
1903,the_mountain,,data.nex
1904,the_mountain,,data.nex
1905,the_mountain,,data.nex
1906,the_mountain,,data.nex
1907,the_mountain,,data.nex
1908,the_mountain,,data.nex
1909,the_mountain,,data.nex
1910,the_mountain,,data.nex
1911,the_mountain,,data.nex
1912,the_mountain,,data.nex
1913,the_mountain,,data.nex
1914,the_mountain,,data.nex
1915,the_mountain,,data.nex
1916,the_mountain,,data.nex
1917,the_mountain,,data.nex
1918,the_mountain,,data.nex
1919,the_mountain,,data.nex
1920,the_mountain,,data.nex
1921,the_mountain,,data.nex
1922,the_mountain,,data.nex
1923,the_mouse_or_rat_ascertainment,,data.nex
1924,the_mouse_or_rat,,data.nex
1925,the_mouse_or_rat,,data.nex
1926,the_mouse_or_rat,,data.nex
1927,the_mouse_or_rat,,data.nex
1928,the_mouse_or_rat,,data.nex
1929,the_mouse_or_rat,,data.nex
1930,the_mouse_or_rat,,data.nex
1931,the_mouse_or_rat,,data.nex
1932,the_mouse_or_rat,,data.nex
1933,the_mouse_or_rat,,data.nex
1934,the_mouse_or_rat,,data.nex
1935,the_mouse_or_rat,,data.nex
1936,the_mouse_or_rat,,data.nex
1937,the_mouse_or_rat,,data.nex
1938,the_mouse_or_rat,,data.nex
1939,the_mouse_or_rat,,data.nex
1940,the_mouse_or_rat,,data.nex
1941,the_mouse_or_rat,,data.nex
1942,the_mouth_ascertainment,,data.nex
1943,the_mouth,,data.nex
1944,the_mouth,,data.nex
1945,the_mouth,,data.nex
1946,the_mouth,,data.nex
1947,the_mouth,,data.nex
1948,the_mouth,,data.nex
1949,the_mouth,,data.nex
1950,the_mouth,,data.nex
1951,the_mouth,,data.nex
1952,the_mouth,,data.nex
1953,the_mouth,,data.nex
1954,the_mouth,,data.nex
1955,the_mouth,,data.nex
1956,the_mouth,,data.nex
1957,the_mouth,,data.nex
1958,the_mouth,,data.nex
1959,the_mouth,,data.nex
1960,the_mouth,,data.nex
1961,the_mouth,,data.nex
1962,the_mouth,,data.nex
1963,the_mouth,,data.nex
1964,the_mouth,,data.nex
1965,the_mouth,,data.nex
1966,the_mouth,,data.nex
1967,the_mouth,,data.nex
1968,the_mouth,,data.nex
1969,the_mouth,,data.nex
1970,the_mouth,,data.nex
1971,the_mouth,,data.nex
1972,the_mud_ascertainment,,data.nex
1973,the_mud,,data.nex
1974,the_mud,,data.nex
1975,the_mud,,data.nex
1976,the_mud,,data.nex
1977,the_mud,,data.nex
1978,the_mud,,data.nex
1979,the_mud,,data.nex
1980,the_mud,,data.nex
1981,the_mud,,data.nex
1982,the_mud,,data.nex
1983,the_mud,,data.nex
1984,the_mud,,data.nex
1985,the_mud,,data.nex
1986,the_mud,,data.nex
1987,the_mud,,data.nex
1988,the_mud,,data.nex
1989,the_mud,,data.nex
1990,the_mud,,data.nex
1991,the_mud,,data.nex
1992,the_mud,,data.nex
1993,the_mud,,data.nex
1994,the_mud,,data.nex
1995,the_mud,,data.nex
1996,the_mud,,data.nex
1997,the_mud,,data.nex
1998,the_mud,,data.nex
1999,the_mud,,data.nex
2000,the_mud,,data.nex
2001,the_mud,,data.nex
2002,the_mud,,data.nex
2003,the_mud,,data.nex
2004,the_mud,,data.nex
2005,the_nail_fingernail_or_claw_ascertainment,,data.nex
2006,the_nail_fingernail_or_claw,,data.nex
2007,the_nail_fingernail_or_claw,,data.nex
2008,the_nail_fingernail_or_claw,,data.nex
2009,the_nail_fingernail_or_claw,,data.nex
2010,the_nail_fingernail_or_claw,,data.nex
2011,the_nail_fingernail_or_claw,,data.nex
2012,the_nail_fingernail_or_claw,,data.nex
2013,the_nail_fingernail_or_claw,,data.nex
2014,the_nail_fingernail_or_claw,,data.nex
2015,the_nail_fingernail_or_claw,,data.nex
2016,the_nail_fingernail_or_claw,,data.nex
2017,the_nail_fingernail_or_claw,,data.nex
2018,the_nail_fingernail_or_claw,,data.nex
2019,the_nail_fingernail_or_claw,,data.nex
2020,the_nail_fingernail_or_claw,,data.nex
2021,the_nail_fingernail_or_claw,,data.nex
2022,the_nail_fingernail_or_claw,,data.nex
2023,the_name_ascertainment,,data.nex
2024,the_name,,data.nex
2025,the_neck_ascertainment,,data.nex
2026,the_neck,,data.nex
2027,the_neck,,data.nex
2028,the_neck,,data.nex
2029,the_neck,,data.nex
2030,the_neck,,data.nex
2031,the_neck,,data.nex
2032,the_neck,,data.nex
2033,the_neck,,data.nex
2034,the_neck,,data.nex
2035,the_neck,,data.nex
2036,the_neck,,data.nex
2037,the_neck,,data.nex
2038,the_neck,,data.nex
2039,the_neck,,data.nex
2040,the_neck,,data.nex
2041,the_neck,,data.nex
2042,the_neck,,data.nex
2043,the_neck,,data.nex
2044,the_neck,,data.nex
2045,the_neck,,data.nex
2046,the_neck,,data.nex
2047,the_neck,,data.nex
2048,the_neck,,data.nex
2049,the_neck,,data.nex
2050,the_needle_for_sewing_ascertainment,,data.nex
2051,the_needle_for_sewing,,data.nex
2052,the_needle_for_sewing,,data.nex
2053,the_needle_for_sewing,,data.nex
2054,the_needle_for_sewing,,data.nex
2055,the_needle_for_sewing,,data.nex
2056,the_needle_for_sewing,,data.nex
2057,the_needle_for_sewing,,data.nex
2058,the_needle_for_sewing,,data.nex
2059,the_needle_for_sewing,,data.nex
2060,the_needle_for_sewing,,data.nex
2061,the_needle_for_sewing,,data.nex
2062,the_nose_ascertainment,,data.nex
2063,the_nose,,data.nex
2064,the_nose,,data.nex
2065,the_nose,,data.nex
2066,the_nose,,data.nex
2067,the_nose,,data.nex
2068,the_nose,,data.nex
2069,the_nose,,data.nex
2070,the_nose,,data.nex
2071,the_nose,,data.nex
2072,the_nose,,data.nex
2073,the_pig_ascertainment,,data.nex
2074,the_pig,,data.nex
2075,the_pig,,data.nex
2076,the_pig,,data.nex
2077,the_pig,,data.nex
2078,the_pig,,data.nex
2079,the_pig,,data.nex
2080,the_pig,,data.nex
2081,the_pig,,data.nex
2082,the_pig,,data.nex
2083,the_rain_ascertainment,,data.nex
2084,the_rain,,data.nex
2085,the_rain,,data.nex
2086,the_rain,,data.nex
2087,the_rain,,data.nex
2088,the_rain,,data.nex
2089,the_rain,,data.nex
2090,the_rain,,data.nex
2091,the_rain,,data.nex
2092,the_rain,,data.nex
2093,the_rain,,data.nex
2094,the_rain,,data.nex
2095,the_rain,,data.nex
2096,the_rain,,data.nex
2097,the_rain,,data.nex
2098,the_road_ascertainment,,data.nex
2099,the_road,,data.nex
2100,the_road,,data.nex
2101,the_road,,data.nex
2102,the_road,,data.nex
2103,the_road,,data.nex
2104,the_road,,data.nex
2105,the_road,,data.nex
2106,the_road,,data.nex
2107,the_road,,data.nex
2108,the_road,,data.nex
2109,the_road,,data.nex
2110,the_road,,data.nex
2111,the_road,,data.nex
2112,the_road,,data.nex
2113,the_road,,data.nex
2114,the_road,,data.nex
2115,the_root_ascertainment,,data.nex
2116,the_root,,data.nex
2117,the_root,,data.nex
2118,the_root,,data.nex
2119,the_root,,data.nex
2120,the_root,,data.nex
2121,the_root,,data.nex
2122,the_root,,data.nex
2123,the_root,,data.nex
2124,the_root,,data.nex
2125,the_root,,data.nex
2126,the_root,,data.nex
2127,the_root,,data.nex
2128,the_root,,data.nex
2129,the_root,,data.nex
2130,the_root,,data.nex
2131,the_root,,data.nex
2132,the_root,,data.nex
2133,the_root,,data.nex
2134,the_root,,data.nex
2135,the_root,,data.nex
2136,the_root,,data.nex
2137,the_root,,data.nex
2138,the_root,,data.nex
2139,the_root,,data.nex
2140,the_root,,data.nex
2141,the_root,,data.nex
2142,the_root,,data.nex
2143,the_root,,data.nex
2144,the_rope_ascertainment,,data.nex
2145,the_rope,,data.nex
2146,the_rope,,data.nex
2147,the_rope,,data.nex
2148,the_rope,,data.nex
2149,the_rope,,data.nex
2150,the_rope,,data.nex
2151,the_rope,,data.nex
2152,the_rope,,data.nex
2153,the_rope,,data.nex
2154,the_rope,,data.nex
2155,the_rope,,data.nex
2156,the_rope,,data.nex
2157,the_rope,,data.nex
2158,the_rope,,data.nex
2159,the_rope,,data.nex
2160,the_rope,,data.nex
2161,the_rope,,data.nex
2162,the_rope,,data.nex
2163,the_rope,,data.nex
2164,the_rope,,data.nex
2165,the_rope,,data.nex
2166,the_rope,,data.nex
2167,the_rope,,data.nex
2168,the_rope,,data.nex
2169,the_rope,,data.nex
2170,the_rope,,data.nex
2171,the_salt_ascertainment,,data.nex
2172,the_salt,,data.nex
2173,the_salt,,data.nex
2174,the_salt,,data.nex
2175,the_salt,,data.nex
2176,the_salt,,data.nex
2177,the_salt,,data.nex
2178,the_salt,,data.nex
2179,the_salt,,data.nex
2180,the_salt,,data.nex
2181,the_salt,,data.nex
2182,the_salt,,data.nex
2183,the_salt,,data.nex
2184,the_salt,,data.nex
2185,the_salt,,data.nex
2186,the_salt,,data.nex
2187,the_salt,,data.nex
2188,the_sand_ascertainment,,data.nex
2189,the_sand,,data.nex
2190,the_sand,,data.nex
2191,the_sand,,data.nex
2192,the_sand,,data.nex
2193,the_sand,,data.nex
2194,the_sand,,data.nex
2195,the_sand,,data.nex
2196,the_sand,,data.nex
2197,the_sand,,data.nex
2198,the_sand,,data.nex
2199,the_sand,,data.nex
2200,the_sand,,data.nex
2201,the_sand,,data.nex
2202,the_sand,,data.nex
2203,the_sand,,data.nex
2204,the_sand,,data.nex
2205,the_sand,,data.nex
2206,the_seed_ascertainment,,data.nex
2207,the_seed,,data.nex
2208,the_seed,,data.nex
2209,the_seed,,data.nex
2210,the_seed,,data.nex
2211,the_seed,,data.nex
2212,the_seed,,data.nex
2213,the_seed,,data.nex
2214,the_seed,,data.nex
2215,the_seed,,data.nex
2216,the_seed,,data.nex
2217,the_seed,,data.nex
2218,the_seed,,data.nex
2219,the_seed,,data.nex
2220,the_seed,,data.nex
2221,the_seed,,data.nex
2222,the_seed,,data.nex
2223,the_seed,,data.nex
2224,the_seed,,data.nex
2225,the_shit_ascertainment,,data.nex
2226,the_shit,,data.nex
2227,the_shit,,data.nex
2228,the_shit,,data.nex
2229,the_shit,,data.nex
2230,the_shit,,data.nex
2231,the_shit,,data.nex
2232,the_shit,,data.nex
2233,the_shit,,data.nex
2234,the_shit,,data.nex
2235,the_shit,,data.nex
2236,the_shit,,data.nex
2237,the_shit,,data.nex
2238,the_shit,,data.nex
2239,the_shit,,data.nex
2240,the_shoulder_ascertainment,,data.nex
2241,the_shoulder,,data.nex
2242,the_shoulder,,data.nex
2243,the_shoulder,,data.nex
2244,the_shoulder,,data.nex
2245,the_shoulder,,data.nex
2246,the_shoulder,,data.nex
2247,the_shoulder,,data.nex
2248,the_shoulder,,data.nex
2249,the_shoulder,,data.nex
2250,the_shoulder,,data.nex
2251,the_shoulder,,data.nex
2252,the_shoulder,,data.nex
2253,the_shoulder,,data.nex
2254,the_shoulder,,data.nex
2255,the_shoulder,,data.nex
2256,the_shoulder,,data.nex
2257,the_shoulder,,data.nex
2258,the_shoulder,,data.nex
2259,the_shoulder,,data.nex
2260,the_shoulder,,data.nex
2261,the_shoulder,,data.nex
2262,the_shoulder,,data.nex
2263,the_skin_ascertainment,,data.nex
2264,the_skin,,data.nex
2265,the_skin,,data.nex
2266,the_skin,,data.nex
2267,the_skin,,data.nex
2268,the_skin,,data.nex
2269,the_skin,,data.nex
2270,the_skin,,data.nex
2271,the_skin,,data.nex
2272,the_skin,,data.nex
2273,the_skin,,data.nex
2274,the_skin,,data.nex
2275,the_skin,,data.nex
2276,the_skin,,data.nex
2277,the_skin,,data.nex
2278,the_skin,,data.nex
2279,the_skin,,data.nex
2280,the_skin,,data.nex
2281,the_skin,,data.nex
2282,the_sky_ascertainment,,data.nex
2283,the_sky,,data.nex
2284,the_sky,,data.nex
2285,the_sky,,data.nex
2286,the_sky,,data.nex
2287,the_sky,,data.nex
2288,the_sky,,data.nex
2289,the_sky,,data.nex
2290,the_sky,,data.nex
2291,the_sky,,data.nex
2292,the_sky,,data.nex
2293,the_sky,,data.nex
2294,the_sky,,data.nex
2295,the_sky,,data.nex
2296,the_sky,,data.nex
2297,the_sky,,data.nex
2298,the_sky,,data.nex
2299,the_sky,,data.nex
2300,the_sky,,data.nex
2301,the_sky,,data.nex
2302,the_smoke_ascertainment,,data.nex
2303,the_smoke,,data.nex
2304,the_smoke,,data.nex
2305,the_smoke,,data.nex
2306,the_smoke,,data.nex
2307,the_smoke,,data.nex
2308,the_smoke,,data.nex
2309,the_smoke,,data.nex
2310,the_smoke,,data.nex
2311,the_snake_ascertainment,,data.nex
2312,the_snake,,data.nex
2313,the_snake,,data.nex
2314,the_snake,,data.nex
2315,the_snake,,data.nex
2316,the_snake,,data.nex
2317,the_snake,,data.nex
2318,the_snake,,data.nex
2319,the_snow_ascertainment,,data.nex
2320,the_snow,,data.nex
2321,the_snow,,data.nex
2322,the_snow,,data.nex
2323,the_snow,,data.nex
2324,the_snow,,data.nex
2325,the_snow,,data.nex
2326,the_snow,,data.nex
2327,the_snow,,data.nex
2328,the_snow,,data.nex
2329,the_snow,,data.nex
2330,the_snow,,data.nex
2331,the_snow,,data.nex
2332,the_snow,,data.nex
2333,the_snow,,data.nex
2334,the_snow,,data.nex
2335,the_snow,,data.nex
2336,the_snow,,data.nex
2337,the_snow,,data.nex
2338,the_snow,,data.nex
2339,the_snow,,data.nex
2340,the_snow,,data.nex
2341,the_snow,,data.nex
2342,the_snow,,data.nex
2343,the_snow,,data.nex
2344,the_son_ascertainment,,data.nex
2345,the_son,,data.nex
2346,the_son,,data.nex
2347,the_son,,data.nex
2348,the_son,,data.nex
2349,the_son,,data.nex
2350,the_son,,data.nex
2351,the_son,,data.nex
2352,the_son,,data.nex
2353,the_son,,data.nex
2354,the_son,,data.nex
2355,the_son,,data.nex
2356,the_son,,data.nex
2357,the_son,,data.nex
2358,the_son,,data.nex
2359,the_son,,data.nex
2360,the_son,,data.nex
2361,the_son,,data.nex
2362,the_son,,data.nex
2363,the_son,,data.nex
2364,the_son,,data.nex
2365,the_spider_ascertainment,,data.nex
2366,the_spider,,data.nex
2367,the_spider,,data.nex
2368,the_spider,,data.nex
2369,the_spider,,data.nex
2370,the_spider,,data.nex
2371,the_spider,,data.nex
2372,the_spider,,data.nex
2373,the_spider,,data.nex
2374,the_spider,,data.nex
2375,the_spider,,data.nex
2376,the_spider,,data.nex
2377,the_spider,,data.nex
2378,the_spider,,data.nex
2379,the_spider,,data.nex
2380,the_spider,,data.nex
2381,the_spider,,data.nex
2382,the_spider,,data.nex
2383,the_spider,,data.nex
2384,the_spider,,data.nex
2385,the_spider,,data.nex
2386,the_spider,,data.nex
2387,the_spider,,data.nex
2388,the_spider,,data.nex
2389,the_spider,,data.nex
2390,the_spider,,data.nex
2391,the_spider,,data.nex
2392,the_spider,,data.nex
2393,the_spider,,data.nex
2394,the_spider,,data.nex
2395,the_spider,,data.nex
2396,the_spider,,data.nex
2397,the_spider,,data.nex
2398,the_spider,,data.nex
2399,the_spider,,data.nex
2400,the_spider,,data.nex
2401,the_spider,,data.nex
2402,the_star_ascertainment,,data.nex
2403,the_star,,data.nex
2404,the_star,,data.nex
2405,the_star,,data.nex
2406,the_star,,data.nex
2407,the_star,,data.nex
2408,the_star,,data.nex
2409,the_star,,data.nex
2410,the_star,,data.nex
2411,the_star,,data.nex
2412,the_star,,data.nex
2413,the_star,,data.nex
2414,the_star,,data.nex
2415,the_star,,data.nex
2416,the_star,,data.nex
2417,the_star,,data.nex
2418,the_star,,data.nex
2419,the_star,,data.nex
2420,the_star,,data.nex
2421,the_star,,data.nex
2422,the_star,,data.nex
2423,the_star,,data.nex
2424,the_star,,data.nex
2425,the_star,,data.nex
2426,the_stick_ascertainment,,data.nex
2427,the_stick,,data.nex
2428,the_stick,,data.nex
2429,the_stick,,data.nex
2430,the_stick,,data.nex
2431,the_stick,,data.nex
2432,the_stick,,data.nex
2433,the_stick,,data.nex
2434,the_stick,,data.nex
2435,the_stick,,data.nex
2436,the_stick,,data.nex
2437,the_stick,,data.nex
2438,the_stick,,data.nex
2439,the_stick,,data.nex
2440,the_stick,,data.nex
2441,the_stick,,data.nex
2442,the_stick,,data.nex
2443,the_stick,,data.nex
2444,the_stick,,data.nex
2445,the_stick,,data.nex
2446,the_stick,,data.nex
2447,the_stick,,data.nex
2448,the_stick,,data.nex
2449,the_stick,,data.nex
2450,the_stick,,data.nex
2451,the_stick,,data.nex
2452,the_stick,,data.nex
2453,the_stick,,data.nex
2454,the_stick,,data.nex
2455,the_stick,,data.nex
2456,the_stick,,data.nex
2457,the_stick,,data.nex
2458,the_stick,,data.nex
2459,the_stick,,data.nex
2460,the_stone_a_piece_of_ascertainment,,data.nex
2461,the_stone_a_piece_of,,data.nex
2462,the_stone_a_piece_of,,data.nex
2463,the_stone_a_piece_of,,data.nex
2464,the_stone_a_piece_of,,data.nex
2465,the_stone_a_piece_of,,data.nex
2466,the_stone_a_piece_of,,data.nex
2467,the_stone_a_piece_of,,data.nex
2468,the_stone_a_piece_of,,data.nex
2469,the_stone_a_piece_of,,data.nex
2470,the_stone_a_piece_of,,data.nex
2471,the_stone_a_piece_of,,data.nex
2472,the_stone_a_piece_of,,data.nex
2473,the_stone_a_piece_of,,data.nex
2474,the_stone_a_piece_of,,data.nex
2475,the_stone_a_piece_of,,data.nex
2476,the_sun_ascertainment,,data.nex
2477,the_sun,,data.nex
2478,the_sun,,data.nex
2479,the_sun,,data.nex
2480,the_sun,,data.nex
2481,the_sun,,data.nex
2482,the_sun,,data.nex
2483,the_sun,,data.nex
2484,the_sun,,data.nex
2485,the_sun,,data.nex
2486,the_sun,,data.nex
2487,the_sun,,data.nex
2488,the_sun,,data.nex
2489,the_sun,,data.nex
2490,the_tail_ascertainment,,data.nex
2491,the_tail,,data.nex
2492,the_tail,,data.nex
2493,the_tail,,data.nex
2494,the_tail,,data.nex
2495,the_tail,,data.nex
2496,the_tail,,data.nex
2497,the_tail,,data.nex
2498,the_tail,,data.nex
2499,the_tail,,data.nex
2500,the_tail,,data.nex
2501,the_tail,,data.nex
2502,the_tail,,data.nex
2503,the_tail,,data.nex
2504,the_tail,,data.nex
2505,the_tail,,data.nex
2506,the_thigh_ascertainment,,data.nex
2507,the_thigh,,data.nex
2508,the_thigh,,data.nex
2509,the_thigh,,data.nex
2510,the_thigh,,data.nex
2511,the_thigh,,data.nex
2512,the_thigh,,data.nex
2513,the_thigh,,data.nex
2514,the_thigh,,data.nex
2515,the_thigh,,data.nex
2516,the_thigh,,data.nex
2517,the_thigh,,data.nex
2518,the_thigh,,data.nex
2519,the_thigh,,data.nex
2520,the_thigh,,data.nex
2521,the_thigh,,data.nex
2522,the_thigh,,data.nex
2523,the_thigh,,data.nex
2524,the_thigh,,data.nex
2525,the_thigh,,data.nex
2526,the_thigh,,data.nex
2527,the_thigh,,data.nex
2528,the_thigh,,data.nex
2529,the_thigh,,data.nex
2530,the_thigh,,data.nex
2531,the_thigh,,data.nex
2532,the_thigh,,data.nex
2533,the_thigh,,data.nex
2534,the_thigh,,data.nex
2535,the_thigh,,data.nex
2536,the_thigh,,data.nex
2537,the_thigh,,data.nex
2538,the_thigh,,data.nex
2539,the_thigh,,data.nex
2540,the_thigh,,data.nex
2541,the_thunder_ascertainment,,data.nex
2542,the_thunder,,data.nex
2543,the_thunder,,data.nex
2544,the_thunder,,data.nex
2545,the_thunder,,data.nex
2546,the_thunder,,data.nex
2547,the_thunder,,data.nex
2548,the_thunder,,data.nex
2549,the_thunder,,data.nex
2550,the_thunder,,data.nex
2551,the_thunder,,data.nex
2552,the_thunder,,data.nex
2553,the_thunder,,data.nex
2554,the_thunder,,data.nex
2555,the_thunder,,data.nex
2556,the_thunder,,data.nex
2557,the_thunder,,data.nex
2558,the_thunder,,data.nex
2559,the_thunder,,data.nex
2560,the_thunder,,data.nex
2561,the_thunder,,data.nex
2562,the_thunder,,data.nex
2563,the_thunder,,data.nex
2564,the_thunder,,data.nex
2565,the_thunder,,data.nex
2566,the_thunder,,data.nex
2567,the_thunder,,data.nex
2568,the_thunder,,data.nex
2569,the_thunder,,data.nex
2570,the_thunder,,data.nex
2571,the_thunder,,data.nex
2572,the_tongue_ascertainment,,data.nex
2573,the_tongue,,data.nex
2574,the_tongue,,data.nex
2575,the_tongue,,data.nex
2576,the_tongue,,data.nex
2577,the_tongue,,data.nex
2578,the_tongue,,data.nex
2579,the_tongue,,data.nex
2580,the_tongue,,data.nex
2581,the_tongue,,data.nex
2582,the_tongue,,data.nex
2583,the_tongue,,data.nex
2584,the_tongue,,data.nex
2585,the_tongue,,data.nex
2586,the_tooth_front_ascertainment,,data.nex
2587,the_tooth_front,,data.nex
2588,the_tooth_front,,data.nex
2589,the_tooth_front,,data.nex
2590,the_tooth_front,,data.nex
2591,the_tooth_front,,data.nex
2592,the_tooth_front,,data.nex
2593,the_tooth_front,,data.nex
2594,the_tooth_front,,data.nex
2595,the_tooth_front,,data.nex
2596,the_tooth_front,,data.nex
2597,the_tooth_front,,data.nex
2598,the_tooth_front,,data.nex
2599,the_tooth_front,,data.nex
2600,the_tooth_front,,data.nex
2601,the_tooth_front,,data.nex
2602,the_tree_ascertainment,,data.nex
2603,the_tree,,data.nex
2604,the_tree,,data.nex
2605,the_tree,,data.nex
2606,the_tree,,data.nex
2607,the_tree,,data.nex
2608,the_tree,,data.nex
2609,the_tree,,data.nex
2610,the_tree,,data.nex
2611,the_tree,,data.nex
2612,the_tree,,data.nex
2613,the_water_ascertainment,,data.nex
2614,the_water,,data.nex
2615,the_water,,data.nex
2616,the_water,,data.nex
2617,the_water,,data.nex
2618,the_water,,data.nex
2619,the_water,,data.nex
2620,the_water,,data.nex
2621,the_water,,data.nex
2622,the_water,,data.nex
2623,the_water,,data.nex
2624,the_water,,data.nex
2625,the_water,,data.nex
2626,the_water,,data.nex
2627,the_water,,data.nex
2628,the_wind_ascertainment,,data.nex
2629,the_wind,,data.nex
2630,the_wind,,data.nex
2631,the_wind,,data.nex
2632,the_wind,,data.nex
2633,the_wind,,data.nex
2634,the_wind,,data.nex
2635,the_wind,,data.nex
2636,the_wind,,data.nex
2637,the_wind,,data.nex
2638,the_wind,,data.nex
2639,the_wind,,data.nex
2640,the_wind,,data.nex
2641,the_wind,,data.nex
2642,the_wind,,data.nex
2643,the_wind,,data.nex
2644,the_wind,,data.nex
2645,the_wind,,data.nex
2646,the_wind,,data.nex
2647,the_wind,,data.nex
2648,the_wind,,data.nex
2649,the_wind,,data.nex
2650,the_wind,,data.nex
2651,the_wind,,data.nex
2652,the_wind,,data.nex
2653,the_wind,,data.nex
2654,the_wing_ascertainment,,data.nex
2655,the_wing,,data.nex
2656,the_wing,,data.nex
2657,the_wing,,data.nex
2658,the_wing,,data.nex
2659,the_wing,,data.nex
2660,the_wing,,data.nex
2661,the_wing,,data.nex
2662,the_wing,,data.nex
2663,the_wing,,data.nex
2664,the_wing,,data.nex
2665,the_wing,,data.nex
2666,the_wing,,data.nex
2667,the_wing,,data.nex
2668,the_wing,,data.nex
2669,the_wing,,data.nex
2670,the_wing,,data.nex
2671,the_wing,,data.nex
2672,the_wing,,data.nex
2673,the_wing,,data.nex
2674,the_wing,,data.nex
2675,the_wing,,data.nex
2676,the_wing,,data.nex
2677,the_woman_ascertainment,,data.nex
2678,the_woman,,data.nex
2679,the_woman,,data.nex
2680,the_woman,,data.nex
2681,the_woman,,data.nex
2682,the_woman,,data.nex
2683,the_woman,,data.nex
2684,the_woman,,data.nex
2685,the_woman,,data.nex
2686,the_woman,,data.nex
2687,the_woman,,data.nex
2688,the_woman,,data.nex
2689,the_woman,,data.nex
2690,the_woman,,data.nex
2691,the_woman,,data.nex
2692,the_woman,,data.nex
2693,the_woman,,data.nex
2694,the_woman,,data.nex
2695,the_woman,,data.nex
2696,the_woman,,data.nex
2697,the_woman,,data.nex
2698,the_woman,,data.nex
2699,the_woman,,data.nex
2700,the_woman,,data.nex
2701,the_woman,,data.nex
2702,the_woman,,data.nex
2703,the_woman,,data.nex
2704,the_woman,,data.nex
2705,the_woman,,data.nex
2706,the_woman,,data.nex
2707,the_woman,,data.nex
2708,the_woman,,data.nex
2709,the_woman,,data.nex
2710,the_woman,,data.nex
2711,the_woman,,data.nex
2712,the_year_ascertainment,,data.nex
2713,the_year,,data.nex
2714,the_year,,data.nex
2715,the_year,,data.nex
2716,the_year,,data.nex
2717,the_year,,data.nex
2718,the_year,,data.nex
2719,the_year,,data.nex
2720,the_year,,data.nex
2721,the_year,,data.nex
2722,the_year,,data.nex
2723,the_year,,data.nex
2724,the_year,,data.nex
2725,the_year,,data.nex
2726,the_year,,data.nex
2727,the_year,,data.nex
2728,thick_ascertainment,,data.nex
2729,thick,,data.nex
2730,thick,,data.nex
2731,thick,,data.nex
2732,thick,,data.nex
2733,thick,,data.nex
2734,thick,,data.nex
2735,thick,,data.nex
2736,thick,,data.nex
2737,thick,,data.nex
2738,thick,,data.nex
2739,thick,,data.nex
2740,thick,,data.nex
2741,thick,,data.nex
2742,thick,,data.nex
2743,thick,,data.nex
2744,thick,,data.nex
2745,thick,,data.nex
2746,thick,,data.nex
2747,thick,,data.nex
2748,thick,,data.nex
2749,thick,,data.nex
2750,thin_object_ascertainment,,data.nex
2751,thin_object,,data.nex
2752,thin_object,,data.nex
2753,thin_object,,data.nex
2754,thin_object,,data.nex
2755,thin_object,,data.nex
2756,thin_object,,data.nex
2757,thin_object,,data.nex
2758,thin_object,,data.nex
2759,thin_object,,data.nex
2760,thin_object,,data.nex
2761,thin_object,,data.nex
2762,thin_object,,data.nex
2763,thin_object,,data.nex
2764,thin_object,,data.nex
2765,thin_object,,data.nex
2766,thin_object,,data.nex
2767,thin_object,,data.nex
2768,thin_object,,data.nex
2769,thin_object,,data.nex
2770,thin_object,,data.nex
2771,thin_object,,data.nex
2772,thin_object,,data.nex
2773,thou_second_person_singular_ascertainment,,data.nex
2774,thou_second_person_singular,,data.nex
2775,thou_second_person_singular,,data.nex
2776,thou_second_person_singular,,data.nex
2777,thou_second_person_singular,,data.nex
2778,thou_second_person_singular,,data.nex
2779,thou_second_person_singular,,data.nex
2780,thou_second_person_singular,,data.nex
2781,thou_second_person_singular,,data.nex
2782,thou_second_person_singular,,data.nex
2783,thou_second_person_singular,,data.nex
2784,thou_second_person_singular,,data.nex
2785,three_ascertainment,,data.nex
2786,three,,data.nex
2787,three,,data.nex
2788,to_be_alive_ascertainment,,data.nex
2789,to_be_alive,,data.nex
2790,to_be_alive,,data.nex
2791,to_be_alive,,data.nex
2792,to_be_alive,,data.nex
2793,to_be_alive,,data.nex
2794,to_be_alive,,data.nex
2795,to_be_alive,,data.nex
2796,to_be_alive,,data.nex
2797,to_be_alive,,data.nex
2798,to_be_alive,,data.nex
2799,to_be_alive,,data.nex
2800,to_be_alive,,data.nex
2801,to_be_alive,,data.nex
2802,to_be_alive,,data.nex
2803,to_be_alive,,data.nex
2804,to_be_alive,,data.nex
2805,to_be_alive,,data.nex
2806,to_be_alive,,data.nex
2807,to_be_alive,,data.nex
2808,to_be_alive,,data.nex
2809,to_be_alive,,data.nex
2810,to_be_alive,,data.nex
2811,to_be_alive,,data.nex
2812,to_bite_ascertainment,,data.nex
2813,to_bite,,data.nex
2814,to_bite,,data.nex
2815,to_bite,,data.nex
2816,to_bite,,data.nex
2817,to_bite,,data.nex
2818,to_bite,,data.nex
2819,to_bite,,data.nex
2820,to_bite,,data.nex
2821,to_bite,,data.nex
2822,to_bite,,data.nex
2823,to_bite,,data.nex
2824,to_bite,,data.nex
2825,to_bite,,data.nex
2826,to_bite,,data.nex
2827,to_bite,,data.nex
2828,to_bite,,data.nex
2829,to_bite,,data.nex
2830,to_bite,,data.nex
2831,to_bite,,data.nex
2832,to_bite,,data.nex
2833,to_bite,,data.nex
2834,to_bite,,data.nex
2835,to_bite,,data.nex
2836,to_bite,,data.nex
2837,to_bite,,data.nex
2838,to_bite,,data.nex
2839,to_bite,,data.nex
2840,to_bite,,data.nex
2841,to_bite,,data.nex
2842,to_bite,,data.nex
2843,to_bite,,data.nex
2844,to_bite,,data.nex
2845,to_bite,,data.nex
2846,to_burn_intransitive_ascertainment,,data.nex
2847,to_burn_intransitive,,data.nex
2848,to_burn_intransitive,,data.nex
2849,to_burn_intransitive,,data.nex
2850,to_burn_intransitive,,data.nex
2851,to_burn_intransitive,,data.nex
2852,to_burn_intransitive,,data.nex
2853,to_burn_intransitive,,data.nex
2854,to_burn_intransitive,,data.nex
2855,to_burn_intransitive,,data.nex
2856,to_burn_intransitive,,data.nex
2857,to_burn_intransitive,,data.nex
2858,to_burn_intransitive,,data.nex
2859,to_burn_intransitive,,data.nex
2860,to_burn_intransitive,,data.nex
2861,to_burn_intransitive,,data.nex
2862,to_burn_intransitive,,data.nex
2863,to_burn_intransitive,,data.nex
2864,to_burn_intransitive,,data.nex
2865,to_burn_intransitive,,data.nex
2866,to_burn_intransitive,,data.nex
2867,to_burn_intransitive,,data.nex
2868,to_burn_intransitive,,data.nex
2869,to_burn_intransitive,,data.nex
2870,to_burn_intransitive,,data.nex
2871,to_burn_intransitive,,data.nex
2872,to_burn_intransitive,,data.nex
2873,to_burn_intransitive,,data.nex
2874,to_burn_intransitive,,data.nex
2875,to_burn_intransitive,,data.nex
2876,to_burn_intransitive,,data.nex
2877,to_burn_intransitive,,data.nex
2878,to_burn_intransitive,,data.nex
2879,to_burn_intransitive,,data.nex
2880,to_burn_intransitive,,data.nex
2881,to_buy_ascertainment,,data.nex
2882,to_buy,,data.nex
2883,to_buy,,data.nex
2884,to_buy,,data.nex
2885,to_buy,,data.nex
2886,to_buy,,data.nex
2887,to_buy,,data.nex
2888,to_buy,,data.nex
2889,to_buy,,data.nex
2890,to_buy,,data.nex
2891,to_buy,,data.nex
2892,to_buy,,data.nex
2893,to_buy,,data.nex
2894,to_buy,,data.nex
2895,to_buy,,data.nex
2896,to_buy,,data.nex
2897,to_buy,,data.nex
2898,to_buy,,data.nex
2899,to_buy,,data.nex
2900,to_buy,,data.nex
2901,to_buy,,data.nex
2902,to_buy,,data.nex
2903,to_buy,,data.nex
2904,to_chew_ascertainment,,data.nex
2905,to_chew,,data.nex
2906,to_chew,,data.nex
2907,to_chew,,data.nex
2908,to_chew,,data.nex
2909,to_chew,,data.nex
2910,to_chew,,data.nex
2911,to_chew,,data.nex
2912,to_chew,,data.nex
2913,to_chew,,data.nex
2914,to_chew,,data.nex
2915,to_chew,,data.nex
2916,to_chew,,data.nex
2917,to_chew,,data.nex
2918,to_chew,,data.nex
2919,to_chew,,data.nex
2920,to_chew,,data.nex
2921,to_chew,,data.nex
2922,to_chew,,data.nex
2923,to_chew,,data.nex
2924,to_chew,,data.nex
2925,to_chew,,data.nex
2926,to_chew,,data.nex
2927,to_chew,,data.nex
2928,to_chew,,data.nex
2929,to_chew,,data.nex
2930,to_chew,,data.nex
2931,to_come_ascertainment,,data.nex
2932,to_come,,data.nex
2933,to_come,,data.nex
2934,to_come,,data.nex
2935,to_come,,data.nex
2936,to_come,,data.nex
2937,to_come,,data.nex
2938,to_come,,data.nex
2939,to_come,,data.nex
2940,to_come,,data.nex
2941,to_come,,data.nex
2942,to_come,,data.nex
2943,to_come,,data.nex
2944,to_come,,data.nex
2945,to_come,,data.nex
2946,to_come,,data.nex
2947,to_come,,data.nex
2948,to_come,,data.nex
2949,to_come,,data.nex
2950,to_come,,data.nex
2951,to_come,,data.nex
2952,to_come,,data.nex
2953,to_count_ascertainment,,data.nex
2954,to_count,,data.nex
2955,to_count,,data.nex
2956,to_count,,data.nex
2957,to_count,,data.nex
2958,to_count,,data.nex
2959,to_count,,data.nex
2960,to_count,,data.nex
2961,to_count,,data.nex
2962,to_count,,data.nex
2963,to_count,,data.nex
2964,to_count,,data.nex
2965,to_count,,data.nex
2966,to_count,,data.nex
2967,to_count,,data.nex
2968,to_count,,data.nex
2969,to_count,,data.nex
2970,to_count,,data.nex
2971,to_count,,data.nex
2972,to_count,,data.nex
2973,to_count,,data.nex
2974,to_count,,data.nex
2975,to_count,,data.nex
2976,to_count,,data.nex
2977,to_count,,data.nex
2978,to_count,,data.nex
2979,to_count,,data.nex
2980,to_count,,data.nex
2981,to_count,,data.nex
2982,to_count,,data.nex
2983,to_count,,data.nex
2984,to_count,,data.nex
2985,to_count,,data.nex
2986,to_count,,data.nex
2987,to_count,,data.nex
2988,to_count,,data.nex
2989,to_count,,data.nex
2990,to_count,,data.nex
2991,to_cry_weep_ascertainment,,data.nex
2992,to_cry_weep,,data.nex
2993,to_cry_weep,,data.nex
2994,to_cry_weep,,data.nex
2995,to_cry_weep,,data.nex
2996,to_cry_weep,,data.nex
2997,to_cry_weep,,data.nex
2998,to_cry_weep,,data.nex
2999,to_cry_weep,,data.nex
3000,to_cry_weep,,data.nex
3001,to_cry_weep,,data.nex
3002,to_cry_weep,,data.nex
3003,to_cry_weep,,data.nex
3004,to_cry_weep,,data.nex
3005,to_cry_weep,,data.nex
3006,to_cry_weep,,data.nex
3007,to_cry_weep,,data.nex
3008,to_cry_weep,,data.nex
3009,to_die_ascertainment,,data.nex
3010,to_die,,data.nex
3011,to_die,,data.nex
3012,to_die,,data.nex
3013,to_die,,data.nex
3014,to_die,,data.nex
3015,to_die,,data.nex
3016,to_die,,data.nex
3017,to_dig_ascertainment,,data.nex
3018,to_dig,,data.nex
3019,to_dig,,data.nex
3020,to_dig,,data.nex
3021,to_dig,,data.nex
3022,to_dig,,data.nex
3023,to_dig,,data.nex
3024,to_dig,,data.nex
3025,to_dig,,data.nex
3026,to_dig,,data.nex
3027,to_dig,,data.nex
3028,to_dig,,data.nex
3029,to_dig,,data.nex
3030,to_dig,,data.nex
3031,to_dig,,data.nex
3032,to_dig,,data.nex
3033,to_dig,,data.nex
3034,to_dig,,data.nex
3035,to_dig,,data.nex
3036,to_dig,,data.nex
3037,to_dig,,data.nex
3038,to_dig,,data.nex
3039,to_dig,,data.nex
3040,to_dig,,data.nex
3041,to_dig,,data.nex
3042,to_drink_ascertainment,,data.nex
3043,to_drink,,data.nex
3044,to_drink,,data.nex
3045,to_drink,,data.nex
3046,to_drink,,data.nex
3047,to_drink,,data.nex
3048,to_drink,,data.nex
3049,to_drink,,data.nex
3050,to_drink,,data.nex
3051,to_drink,,data.nex
3052,to_drink,,data.nex
3053,to_drink,,data.nex
3054,to_drink,,data.nex
3055,to_drink,,data.nex
3056,to_drink,,data.nex
3057,to_drink,,data.nex
3058,to_drink,,data.nex
3059,to_drink,,data.nex
3060,to_drink,,data.nex
3061,to_eat_ascertainment,,data.nex
3062,to_eat,,data.nex
3063,to_eat,,data.nex
3064,to_eat,,data.nex
3065,to_eat,,data.nex
3066,to_eat,,data.nex
3067,to_eat,,data.nex
3068,to_eat,,data.nex
3069,to_eat,,data.nex
3070,to_eat,,data.nex
3071,to_eat,,data.nex
3072,to_eat,,data.nex
3073,to_fight_ascertainment,,data.nex
3074,to_fight,,data.nex
3075,to_fight,,data.nex
3076,to_fight,,data.nex
3077,to_fight,,data.nex
3078,to_fight,,data.nex
3079,to_fight,,data.nex
3080,to_fight,,data.nex
3081,to_fight,,data.nex
3082,to_fight,,data.nex
3083,to_fight,,data.nex
3084,to_fight,,data.nex
3085,to_fight,,data.nex
3086,to_fight,,data.nex
3087,to_fight,,data.nex
3088,to_fight,,data.nex
3089,to_fight,,data.nex
3090,to_fight,,data.nex
3091,to_fight,,data.nex
3092,to_fight,,data.nex
3093,to_fight,,data.nex
3094,to_fight,,data.nex
3095,to_fight,,data.nex
3096,to_fight,,data.nex
3097,to_fight,,data.nex
3098,to_fight,,data.nex
3099,to_fight,,data.nex
3100,to_fight,,data.nex
3101,to_fight,,data.nex
3102,to_fight,,data.nex
3103,to_fight,,data.nex
3104,to_fight,,data.nex
3105,to_fight,,data.nex
3106,to_fight,,data.nex
3107,to_fight,,data.nex
3108,to_fight,,data.nex
3109,to_fight,,data.nex
3110,to_fly_move_through_air_ascertainment,,data.nex
3111,to_fly_move_through_air,,data.nex
3112,to_fly_move_through_air,,data.nex
3113,to_fly_move_through_air,,data.nex
3114,to_fly_move_through_air,,data.nex
3115,to_fly_move_through_air,,data.nex
3116,to_fly_move_through_air,,data.nex
3117,to_fly_move_through_air,,data.nex
3118,to_fly_move_through_air,,data.nex
3119,to_fly_move_through_air,,data.nex
3120,to_fly_move_through_air,,data.nex
3121,to_fly_move_through_air,,data.nex
3122,to_fly_move_through_air,,data.nex
3123,to_fly_move_through_air,,data.nex
3124,to_fly_move_through_air,,data.nex
3125,to_fly_move_through_air,,data.nex
3126,to_fly_move_through_air,,data.nex
3127,to_fly_move_through_air,,data.nex
3128,to_fly_move_through_air,,data.nex
3129,to_fly_move_through_air,,data.nex
3130,to_fly_move_through_air,,data.nex
3131,to_fly_move_through_air,,data.nex
3132,to_fly_move_through_air,,data.nex
3133,to_fly_move_through_air,,data.nex
3134,to_fly_move_through_air,,data.nex
3135,to_fly_move_through_air,,data.nex
3136,to_fly_move_through_air,,data.nex
3137,to_fly_move_through_air,,data.nex
3138,to_fly_move_through_air,,data.nex
3139,to_forget_ascertainment,,data.nex
3140,to_forget,,data.nex
3141,to_forget,,data.nex
3142,to_forget,,data.nex
3143,to_forget,,data.nex
3144,to_forget,,data.nex
3145,to_forget,,data.nex
3146,to_forget,,data.nex
3147,to_forget,,data.nex
3148,to_forget,,data.nex
3149,to_forget,,data.nex
3150,to_forget,,data.nex
3151,to_forget,,data.nex
3152,to_forget,,data.nex
3153,to_forget,,data.nex
3154,to_forget,,data.nex
3155,to_forget,,data.nex
3156,to_forget,,data.nex
3157,to_forget,,data.nex
3158,to_forget,,data.nex
3159,to_forget,,data.nex
3160,to_forget,,data.nex
3161,to_forget,,data.nex
3162,to_give_ascertainment,,data.nex
3163,to_give,,data.nex
3164,to_give,,data.nex
3165,to_give,,data.nex
3166,to_give,,data.nex
3167,to_give,,data.nex
3168,to_give,,data.nex
3169,to_give,,data.nex
3170,to_give,,data.nex
3171,to_give,,data.nex
3172,to_give,,data.nex
3173,to_give,,data.nex
3174,to_give,,data.nex
3175,to_give,,data.nex
3176,to_give,,data.nex
3177,to_give,,data.nex
3178,to_give,,data.nex
3179,to_give,,data.nex
3180,to_give,,data.nex
3181,to_give,,data.nex
3182,to_give,,data.nex
3183,to_hear_ascertainment,,data.nex
3184,to_hear,,data.nex
3185,to_hear,,data.nex
3186,to_hear,,data.nex
3187,to_hear,,data.nex
3188,to_hear,,data.nex
3189,to_hear,,data.nex
3190,to_hear,,data.nex
3191,to_hear,,data.nex
3192,to_hear,,data.nex
3193,to_hear,,data.nex
3194,to_hear,,data.nex
3195,to_hear,,data.nex
3196,to_hear,,data.nex
3197,to_hear,,data.nex
3198,to_hear,,data.nex
3199,to_hear,,data.nex
3200,to_hear,,data.nex
3201,to_hear,,data.nex
3202,to_hear,,data.nex
3203,to_hear,,data.nex
3204,to_hear,,data.nex
3205,to_hear,,data.nex
3206,to_hear,,data.nex
3207,to_hear,,data.nex
3208,to_hear,,data.nex
3209,to_hear,,data.nex
3210,to_hide_conceal_ascertainment,,data.nex
3211,to_hide_conceal,,data.nex
3212,to_hide_conceal,,data.nex
3213,to_hide_conceal,,data.nex
3214,to_hide_conceal,,data.nex
3215,to_hide_conceal,,data.nex
3216,to_hide_conceal,,data.nex
3217,to_hide_conceal,,data.nex
3218,to_hide_conceal,,data.nex
3219,to_hide_conceal,,data.nex
3220,to_hide_conceal,,data.nex
3221,to_hide_conceal,,data.nex
3222,to_hide_conceal,,data.nex
3223,to_hide_conceal,,data.nex
3224,to_hide_conceal,,data.nex
3225,to_hide_conceal,,data.nex
3226,to_hide_conceal,,data.nex
3227,to_hide_conceal,,data.nex
3228,to_hide_conceal,,data.nex
3229,to_hide_conceal,,data.nex
3230,to_hide_conceal,,data.nex
3231,to_hide_conceal,,data.nex
3232,to_hide_conceal,,data.nex
3233,to_hide_conceal,,data.nex
3234,to_hide_conceal,,data.nex
3235,to_hide_conceal,,data.nex
3236,to_hide_conceal,,data.nex
3237,to_hide_conceal,,data.nex
3238,to_hide_conceal,,data.nex
3239,to_hide_conceal,,data.nex
3240,to_hide_conceal,,data.nex
3241,to_hide_conceal,,data.nex
3242,to_hide_conceal,,data.nex
3243,to_hide_conceal,,data.nex
3244,to_hide_conceal,,data.nex
3245,to_hide_conceal,,data.nex
3246,to_hide_conceal,,data.nex
3247,to_hide_conceal,,data.nex
3248,to_hide_conceal,,data.nex
3249,to_hide_conceal,,data.nex
3250,to_hide_conceal,,data.nex
3251,to_hide_conceal,,data.nex
3252,to_hold_ascertainment,,data.nex
3253,to_hold,,data.nex
3254,to_hold,,data.nex
3255,to_hold,,data.nex
3256,to_hold,,data.nex
3257,to_hold,,data.nex
3258,to_hold,,data.nex
3259,to_hold,,data.nex
3260,to_hold,,data.nex
3261,to_hold,,data.nex
3262,to_hold,,data.nex
3263,to_hold,,data.nex
3264,to_hold,,data.nex
3265,to_hold,,data.nex
3266,to_hold,,data.nex
3267,to_hold,,data.nex
3268,to_hold,,data.nex
3269,to_hold,,data.nex
3270,to_hold,,data.nex
3271,to_hold,,data.nex
3272,to_hold,,data.nex
3273,to_hold,,data.nex
3274,to_hold,,data.nex
3275,to_hold,,data.nex
3276,to_hold,,data.nex
3277,to_hold,,data.nex
3278,to_hold,,data.nex
3279,to_hold,,data.nex
3280,to_hold,,data.nex
3281,to_hold,,data.nex
3282,to_hold,,data.nex
3283,to_hold,,data.nex
3284,to_hold,,data.nex
3285,to_hold,,data.nex
3286,to_hold,,data.nex
3287,to_hold,,data.nex
3288,to_hold,,data.nex
3289,to_hold,,data.nex
3290,to_hold,,data.nex
3291,to_hold,,data.nex
3292,to_hold,,data.nex
3293,to_hold,,data.nex
3294,to_hunt_ascertainment,,data.nex
3295,to_hunt,,data.nex
3296,to_hunt,,data.nex
3297,to_hunt,,data.nex
3298,to_hunt,,data.nex
3299,to_hunt,,data.nex
3300,to_hunt,,data.nex
3301,to_hunt,,data.nex
3302,to_hunt,,data.nex
3303,to_hunt,,data.nex
3304,to_hunt,,data.nex
3305,to_hunt,,data.nex
3306,to_hunt,,data.nex
3307,to_hunt,,data.nex
3308,to_hunt,,data.nex
3309,to_hunt,,data.nex
3310,to_hunt,,data.nex
3311,to_hunt,,data.nex
3312,to_hunt,,data.nex
3313,to_hunt,,data.nex
3314,to_hunt,,data.nex
3315,to_hunt,,data.nex
3316,to_hunt,,data.nex
3317,to_hunt,,data.nex
3318,to_hunt,,data.nex
3319,to_hunt,,data.nex
3320,to_hunt,,data.nex
3321,to_hunt,,data.nex
3322,to_hunt,,data.nex
3323,to_hunt,,data.nex
3324,to_hunt,,data.nex
3325,to_hunt,,data.nex
3326,to_hunt,,data.nex
3327,to_hunt,,data.nex
3328,to_kill_ascertainment,,data.nex
3329,to_kill,,data.nex
3330,to_kill,,data.nex
3331,to_kill,,data.nex
3332,to_kill,,data.nex
3333,to_kill,,data.nex
3334,to_kill,,data.nex
3335,to_kill,,data.nex
3336,to_kill,,data.nex
3337,to_kill,,data.nex
3338,to_kill,,data.nex
3339,to_kill,,data.nex
3340,to_laugh_ascertainment,,data.nex
3341,to_laugh,,data.nex
3342,to_laugh,,data.nex
3343,to_laugh,,data.nex
3344,to_laugh,,data.nex
3345,to_laugh,,data.nex
3346,to_laugh,,data.nex
3347,to_laugh,,data.nex
3348,to_laugh,,data.nex
3349,to_laugh,,data.nex
3350,to_laugh,,data.nex
3351,to_laugh,,data.nex
3352,to_laugh,,data.nex
3353,to_laugh,,data.nex
3354,to_laugh,,data.nex
3355,to_laugh,,data.nex
3356,to_lick_ascertainment,,data.nex
3357,to_lick,,data.nex
3358,to_lick,,data.nex
3359,to_lick,,data.nex
3360,to_lick,,data.nex
3361,to_lick,,data.nex
3362,to_lick,,data.nex
3363,to_lick,,data.nex
3364,to_lick,,data.nex
3365,to_lick,,data.nex
3366,to_lick,,data.nex
3367,to_lick,,data.nex
3368,to_lick,,data.nex
3369,to_lick,,data.nex
3370,to_lick,,data.nex
3371,to_lick,,data.nex
3372,to_lick,,data.nex
3373,to_lick,,data.nex
3374,to_play_ascertainment,,data.nex
3375,to_play,,data.nex
3376,to_play,,data.nex
3377,to_play,,data.nex
3378,to_play,,data.nex
3379,to_play,,data.nex
3380,to_play,,data.nex
3381,to_play,,data.nex
3382,to_play,,data.nex
3383,to_play,,data.nex
3384,to_play,,data.nex
3385,to_play,,data.nex
3386,to_play,,data.nex
3387,to_play,,data.nex
3388,to_play,,data.nex
3389,to_play,,data.nex
3390,to_play,,data.nex
3391,to_play,,data.nex
3392,to_play,,data.nex
3393,to_play,,data.nex
3394,to_play,,data.nex
3395,to_play,,data.nex
3396,to_play,,data.nex
3397,to_play,,data.nex
3398,to_play,,data.nex
3399,to_play,,data.nex
3400,to_play,,data.nex
3401,to_play,,data.nex
3402,to_play,,data.nex
3403,to_play,,data.nex
3404,to_play,,data.nex
3405,to_play,,data.nex
3406,to_play,,data.nex
3407,to_play,,data.nex
3408,to_play,,data.nex
3409,to_play,,data.nex
3410,to_play,,data.nex
3411,to_play,,data.nex
3412,to_play,,data.nex
3413,to_push_ascertainment,,data.nex
3414,to_push,,data.nex
3415,to_push,,data.nex
3416,to_push,,data.nex
3417,to_push,,data.nex
3418,to_push,,data.nex
3419,to_push,,data.nex
3420,to_push,,data.nex
3421,to_push,,data.nex
3422,to_push,,data.nex
3423,to_push,,data.nex
3424,to_push,,data.nex
3425,to_push,,data.nex
3426,to_push,,data.nex
3427,to_push,,data.nex
3428,to_push,,data.nex
3429,to_push,,data.nex
3430,to_push,,data.nex
3431,to_push,,data.nex
3432,to_push,,data.nex
3433,to_push,,data.nex
3434,to_push,,data.nex
3435,to_push,,data.nex
3436,to_push,,data.nex
3437,to_push,,data.nex
3438,to_push,,data.nex
3439,to_push,,data.nex
3440,to_push,,data.nex
3441,to_push,,data.nex
3442,to_push,,data.nex
3443,to_push,,data.nex
3444,to_push,,data.nex
3445,to_push,,data.nex
3446,to_push,,data.nex
3447,to_push,,data.nex
3448,to_push,,data.nex
3449,to_push,,data.nex
3450,to_reside_live_ascertainment,,data.nex
3451,to_reside_live,,data.nex
3452,to_reside_live,,data.nex
3453,to_reside_live,,data.nex
3454,to_reside_live,,data.nex
3455,to_reside_live,,data.nex
3456,to_reside_live,,data.nex
3457,to_reside_live,,data.nex
3458,to_reside_live,,data.nex
3459,to_reside_live,,data.nex
3460,to_reside_live,,data.nex
3461,to_reside_live,,data.nex
3462,to_reside_live,,data.nex
3463,to_reside_live,,data.nex
3464,to_reside_live,,data.nex
3465,to_reside_live,,data.nex
3466,to_reside_live,,data.nex
3467,to_reside_live,,data.nex
3468,to_reside_live,,data.nex
3469,to_reside_live,,data.nex
3470,to_reside_live,,data.nex
3471,to_reside_live,,data.nex
3472,to_reside_live,,data.nex
3473,to_reside_live,,data.nex
3474,to_reside_live,,data.nex
3475,to_reside_live,,data.nex
3476,to_reside_live,,data.nex
3477,to_reside_live,,data.nex
3478,to_reside_live,,data.nex
3479,to_reside_live,,data.nex
3480,to_reside_live,,data.nex
3481,to_reside_live,,data.nex
3482,to_reside_live,,data.nex
3483,to_reside_live,,data.nex
3484,to_scratch_ascertainment,,data.nex
3485,to_scratch,,data.nex
3486,to_scratch,,data.nex
3487,to_scratch,,data.nex
3488,to_scratch,,data.nex
3489,to_scratch,,data.nex
3490,to_scratch,,data.nex
3491,to_scratch,,data.nex
3492,to_scratch,,data.nex
3493,to_scratch,,data.nex
3494,to_scratch,,data.nex
3495,to_scratch,,data.nex
3496,to_scratch,,data.nex
3497,to_scratch,,data.nex
3498,to_scratch,,data.nex
3499,to_scratch,,data.nex
3500,to_scratch,,data.nex
3501,to_scratch,,data.nex
3502,to_scratch,,data.nex
3503,to_scratch,,data.nex
3504,to_scratch,,data.nex
3505,to_scratch,,data.nex
3506,to_scratch,,data.nex
3507,to_scratch,,data.nex
3508,to_scratch,,data.nex
3509,to_scratch,,data.nex
3510,to_scratch,,data.nex
3511,to_scratch,,data.nex
3512,to_scratch,,data.nex
3513,to_scratch,,data.nex
3514,to_scratch,,data.nex
3515,to_scratch,,data.nex
3516,to_scratch,,data.nex
3517,to_scratch,,data.nex
3518,to_scratch,,data.nex
3519,to_scratch,,data.nex
3520,to_see_ascertainment,,data.nex
3521,to_see,,data.nex
3522,to_see,,data.nex
3523,to_see,,data.nex
3524,to_see,,data.nex
3525,to_see,,data.nex
3526,to_see,,data.nex
3527,to_see,,data.nex
3528,to_see,,data.nex
3529,to_see,,data.nex
3530,to_see,,data.nex
3531,to_see,,data.nex
3532,to_see,,data.nex
3533,to_see,,data.nex
3534,to_see,,data.nex
3535,to_see,,data.nex
3536,to_see,,data.nex
3537,to_see,,data.nex
3538,to_see,,data.nex
3539,to_see,,data.nex
3540,to_see,,data.nex
3541,to_see,,data.nex
3542,to_see,,data.nex
3543,to_see,,data.nex
3544,to_see,,data.nex
3545,to_see,,data.nex
3546,to_see,,data.nex
3547,to_see,,data.nex
3548,to_see,,data.nex
3549,to_see,,data.nex
3550,to_see,,data.nex
3551,to_see,,data.nex
3552,to_shoot_an_arrow_ascertainment,,data.nex
3553,to_shoot_an_arrow,,data.nex
3554,to_shoot_an_arrow,,data.nex
3555,to_shoot_an_arrow,,data.nex
3556,to_shoot_an_arrow,,data.nex
3557,to_shoot_an_arrow,,data.nex
3558,to_shoot_an_arrow,,data.nex
3559,to_shoot_an_arrow,,data.nex
3560,to_shoot_an_arrow,,data.nex
3561,to_shoot_an_arrow,,data.nex
3562,to_shoot_an_arrow,,data.nex
3563,to_shoot_an_arrow,,data.nex
3564,to_shoot_an_arrow,,data.nex
3565,to_shoot_an_arrow,,data.nex
3566,to_shoot_an_arrow,,data.nex
3567,to_shoot_an_arrow,,data.nex
3568,to_shoot_an_arrow,,data.nex
3569,to_sing_ascertainment,,data.nex
3570,to_sing,,data.nex
3571,to_sing,,data.nex
3572,to_sing,,data.nex
3573,to_sing,,data.nex
3574,to_sing,,data.nex
3575,to_sing,,data.nex
3576,to_sing,,data.nex
3577,to_sing,,data.nex
3578,to_sing,,data.nex
3579,to_sing,,data.nex
3580,to_sing,,data.nex
3581,to_sing,,data.nex
3582,to_sing,,data.nex
3583,to_sing,,data.nex
3584,to_sing,,data.nex
3585,to_sing,,data.nex
3586,to_sing,,data.nex
3587,to_sing,,data.nex
3588,to_sing,,data.nex
3589,to_sing,,data.nex
3590,to_sing,,data.nex
3591,to_sing,,data.nex
3592,to_sing,,data.nex
3593,to_sing,,data.nex
3594,to_sing,,data.nex
3595,to_sing,,data.nex
3596,to_sing,,data.nex
3597,to_sing,,data.nex
3598,to_sing,,data.nex
3599,to_sing,,data.nex
3600,to_sing,,data.nex
3601,to_sing,,data.nex
3602,to_sing,,data.nex
3603,to_sing,,data.nex
3604,to_sing,,data.nex
3605,to_sleep_ascertainment,,data.nex
3606,to_sleep,,data.nex
3607,to_sleep,,data.nex
3608,to_sleep,,data.nex
3609,to_sleep,,data.nex
3610,to_sleep,,data.nex
3611,to_sleep,,data.nex
3612,to_sleep,,data.nex
3613,to_sleep,,data.nex
3614,to_sleep,,data.nex
3615,to_sleep,,data.nex
3616,to_sleep,,data.nex
3617,to_sleep,,data.nex
3618,to_sleep,,data.nex
3619,to_sleep,,data.nex
3620,to_sleep,,data.nex
3621,to_sleep,,data.nex
3622,to_sleep,,data.nex
3623,to_sleep,,data.nex
3624,to_sleep,,data.nex
3625,to_sleep,,data.nex
3626,to_sleep,,data.nex
3627,to_sleep,,data.nex
3628,to_sleep,,data.nex
3629,to_smell_perceive_odor_transitive_ascertainment,,data.nex
3630,to_smell_perceive_odor_transitive,,data.nex
3631,to_smell_perceive_odor_transitive,,data.nex
3632,to_smell_perceive_odor_transitive,,data.nex
3633,to_smell_perceive_odor_transitive,,data.nex
3634,to_smell_perceive_odor_transitive,,data.nex
3635,to_smell_perceive_odor_transitive,,data.nex
3636,to_smell_perceive_odor_transitive,,data.nex
3637,to_smell_perceive_odor_transitive,,data.nex
3638,to_smell_perceive_odor_transitive,,data.nex
3639,to_smell_perceive_odor_transitive,,data.nex
3640,to_spit_ascertainment,,data.nex
3641,to_spit,,data.nex
3642,to_spit,,data.nex
3643,to_spit,,data.nex
3644,to_spit,,data.nex
3645,to_spit,,data.nex
3646,to_spit,,data.nex
3647,to_spit,,data.nex
3648,to_spit,,data.nex
3649,to_spit,,data.nex
3650,to_spit,,data.nex
3651,to_spit,,data.nex
3652,to_spit,,data.nex
3653,to_spit,,data.nex
3654,to_spit,,data.nex
3655,to_spit,,data.nex
3656,to_spit,,data.nex
3657,to_spit,,data.nex
3658,to_spit,,data.nex
3659,to_spit,,data.nex
3660,to_spit,,data.nex
3661,to_spit,,data.nex
3662,to_spit,,data.nex
3663,to_spit,,data.nex
3664,to_spit,,data.nex
3665,to_spit,,data.nex
3666,to_spit,,data.nex
3667,to_spit,,data.nex
3668,to_spit,,data.nex
3669,to_spit,,data.nex
3670,to_spit,,data.nex
3671,to_spit,,data.nex
3672,to_spit,,data.nex
3673,to_spit,,data.nex
3674,to_spit,,data.nex
3675,to_spit,,data.nex
3676,to_stand_ascertainment,,data.nex
3677,to_stand,,data.nex
3678,to_stand,,data.nex
3679,to_stand,,data.nex
3680,to_stand,,data.nex
3681,to_stand,,data.nex
3682,to_stand,,data.nex
3683,to_stand,,data.nex
3684,to_stand,,data.nex
3685,to_stand,,data.nex
3686,to_stand,,data.nex
3687,to_stand,,data.nex
3688,to_stand,,data.nex
3689,to_stand,,data.nex
3690,to_stand,,data.nex
3691,to_stand,,data.nex
3692,to_steal_ascertainment,,data.nex
3693,to_steal,,data.nex
3694,to_steal,,data.nex
3695,to_steal,,data.nex
3696,to_steal,,data.nex
3697,to_steal,,data.nex
3698,to_steal,,data.nex
3699,to_steal,,data.nex
3700,to_steal,,data.nex
3701,to_steal,,data.nex
3702,to_steal,,data.nex
3703,to_steal,,data.nex
3704,to_steal,,data.nex
3705,to_steal,,data.nex
3706,to_steal,,data.nex
3707,to_steal,,data.nex
3708,to_think_reflect_ascertainment,,data.nex
3709,to_think_reflect,,data.nex
3710,to_think_reflect,,data.nex
3711,to_think_reflect,,data.nex
3712,to_think_reflect,,data.nex
3713,to_think_reflect,,data.nex
3714,to_think_reflect,,data.nex
3715,to_think_reflect,,data.nex
3716,to_think_reflect,,data.nex
3717,to_think_reflect,,data.nex
3718,to_think_reflect,,data.nex
3719,to_think_reflect,,data.nex
3720,to_think_reflect,,data.nex
3721,to_think_reflect,,data.nex
3722,to_think_reflect,,data.nex
3723,to_think_reflect,,data.nex
3724,to_think_reflect,,data.nex
3725,to_think_reflect,,data.nex
3726,to_think_reflect,,data.nex
3727,to_think_reflect,,data.nex
3728,to_think_reflect,,data.nex
3729,to_think_reflect,,data.nex
3730,to_think_reflect,,data.nex
3731,to_think_reflect,,data.nex
3732,to_think_reflect,,data.nex
3733,to_think_reflect,,data.nex
3734,to_think_reflect,,data.nex
3735,to_think_reflect,,data.nex
3736,to_think_reflect,,data.nex
3737,to_think_reflect,,data.nex
3738,to_throw_ascertainment,,data.nex
3739,to_throw,,data.nex
3740,to_throw,,data.nex
3741,to_throw,,data.nex
3742,to_throw,,data.nex
3743,to_throw,,data.nex
3744,to_throw,,data.nex
3745,to_throw,,data.nex
3746,to_throw,,data.nex
3747,to_throw,,data.nex
3748,to_throw,,data.nex
3749,to_throw,,data.nex
3750,to_throw,,data.nex
3751,to_throw,,data.nex
3752,to_throw,,data.nex
3753,to_throw,,data.nex
3754,to_throw,,data.nex
3755,to_throw,,data.nex
3756,to_throw,,data.nex
3757,to_throw,,data.nex
3758,to_throw,,data.nex
3759,to_throw,,data.nex
3760,to_throw,,data.nex
3761,to_throw,,data.nex
3762,to_throw,,data.nex
3763,to_throw,,data.nex
3764,to_throw,,data.nex
3765,to_throw,,data.nex
3766,to_throw,,data.nex
3767,to_throw,,data.nex
3768,to_throw,,data.nex
3769,to_throw,,data.nex
3770,to_throw,,data.nex
3771,to_throw,,data.nex
3772,to_throw,,data.nex
3773,to_throw,,data.nex
3774,to_throw,,data.nex
3775,to_throw,,data.nex
3776,to_throw,,data.nex
3777,to_vomit_ascertainment,,data.nex
3778,to_vomit,,data.nex
3779,to_vomit,,data.nex
3780,to_vomit,,data.nex
3781,to_vomit,,data.nex
3782,to_vomit,,data.nex
3783,to_vomit,,data.nex
3784,to_vomit,,data.nex
3785,to_vomit,,data.nex
3786,to_vomit,,data.nex
3787,to_vomit,,data.nex
3788,to_vomit,,data.nex
3789,to_vomit,,data.nex
3790,to_vomit,,data.nex
3791,to_vomit,,data.nex
3792,to_walk_ascertainment,,data.nex
3793,to_walk,,data.nex
3794,to_walk,,data.nex
3795,to_walk,,data.nex
3796,to_walk,,data.nex
3797,to_walk,,data.nex
3798,to_walk,,data.nex
3799,to_walk,,data.nex
3800,to_walk,,data.nex
3801,to_walk,,data.nex
3802,to_walk,,data.nex
3803,to_walk,,data.nex
3804,to_walk,,data.nex
3805,to_walk,,data.nex
3806,to_walk,,data.nex
3807,to_walk,,data.nex
3808,to_walk,,data.nex
3809,to_walk,,data.nex
3810,to_walk,,data.nex
3811,to_walk,,data.nex
3812,to_walk,,data.nex
3813,to_walk,,data.nex
3814,to_walk,,data.nex
3815,to_walk,,data.nex
3816,to_walk,,data.nex
3817,to_walk,,data.nex
3818,to_walk,,data.nex
3819,to_walk,,data.nex
3820,to_walk,,data.nex
3821,to_walk,,data.nex
3822,to_walk,,data.nex
3823,to_walk,,data.nex
3824,to_walk,,data.nex
3825,to_wipe_ascertainment,,data.nex
3826,to_wipe,,data.nex
3827,to_wipe,,data.nex
3828,to_wipe,,data.nex
3829,to_wipe,,data.nex
3830,to_wipe,,data.nex
3831,to_wipe,,data.nex
3832,to_wipe,,data.nex
3833,to_wipe,,data.nex
3834,to_wipe,,data.nex
3835,to_wipe,,data.nex
3836,to_wipe,,data.nex
3837,to_wipe,,data.nex
3838,to_wipe,,data.nex
3839,to_wipe,,data.nex
3840,to_wipe,,data.nex
3841,to_wipe,,data.nex
3842,to_wipe,,data.nex
3843,to_wipe,,data.nex
3844,to_wipe,,data.nex
3845,to_wipe,,data.nex
3846,to_wipe,,data.nex
3847,to_wipe,,data.nex
3848,to_wipe,,data.nex
3849,to_wipe,,data.nex
3850,to_wipe,,data.nex
3851,to_wipe,,data.nex
3852,to_wipe,,data.nex
3853,to_wipe,,data.nex
3854,to_wipe,,data.nex
3855,to_wipe,,data.nex
3856,to_wipe,,data.nex
3857,to_wipe,,data.nex
3858,two_ascertainment,,data.nex
3859,two,,data.nex
3860,two,,data.nex
3861,two,,data.nex
3862,two,,data.nex
3863,two,,data.nex
3864,two,,data.nex
3865,two,,data.nex
3866,two,,data.nex
3867,wet_ascertainment,,data.nex
3868,wet,,data.nex
3869,wet,,data.nex
3870,wet,,data.nex
3871,wet,,data.nex
3872,wet,,data.nex
3873,wet,,data.nex
3874,wet,,data.nex
3875,wet,,data.nex
3876,wet,,data.nex
3877,wet,,data.nex
3878,wet,,data.nex
3879,wet,,data.nex
3880,wet,,data.nex
3881,wet,,data.nex
3882,wet,,data.nex
3883,wet,,data.nex
3884,wet,,data.nex
3885,wet,,data.nex
3886,wet,,data.nex
3887,wet,,data.nex
3888,wet,,data.nex
3889,wet,,data.nex
3890,wet,,data.nex
3891,wet,,data.nex
3892,wet,,data.nex
3893,wet,,data.nex
3894,wet,,data.nex
3895,wet,,data.nex
3896,wet,,data.nex
3897,white_ascertainment,,data.nex
3898,white,,data.nex
3899,white,,data.nex
3900,white,,data.nex
3901,white,,data.nex
3902,white,,data.nex
3903,white,,data.nex
3904,white,,data.nex
3905,white,,data.nex
3906,white,,data.nex
3907,white,,data.nex
3908,white,,data.nex
3909,white,,data.nex
3910,white,,data.nex
3911,white,,data.nex
3912,white,,data.nex
3913,white,,data.nex
3914,white,,data.nex
3915,white,,data.nex
3916,white,,data.nex
3917,white,,data.nex
3918,who_ascertainment,,data.nex
3919,who,,data.nex
3920,who,,data.nex
3921,who,,data.nex
3922,who,,data.nex
3923,who,,data.nex
3924,who,,data.nex
3925,who,,data.nex
3926,who,,data.nex
3927,who,,data.nex
3928,who,,data.nex
3929,who,,data.nex
3930,who,,data.nex
3931,who,,data.nex
3932,who,,data.nex
3933,who,,data.nex
3934,who,,data.nex
3935,who,,data.nex
3936,who,,data.nex
3937,who,,data.nex
3938,who,,data.nex
3939,who,,data.nex
3940,who,,data.nex
3941,who,,data.nex
3942,who,,data.nex
3943,yellow_ascertainment,,data.nex
3944,yellow,,data.nex
3945,yellow,,data.nex
3946,yellow,,data.nex
3947,yellow,,data.nex
3948,yellow,,data.nex
3949,yellow,,data.nex
3950,yellow,,data.nex
3951,yellow,,data.nex
3952,yellow,,data.nex
3953,yellow,,data.nex
3954,yellow,,data.nex
3955,yellow,,data.nex
3956,yellow,,data.nex
3957,yellow,,data.nex
3958,yellow,,data.nex
3959,yellow,,data.nex
3960,yellow,,data.nex
3961,yellow,,data.nex
3962,yellow,,data.nex
3963,yellow,,data.nex
3964,yellow,,data.nex
3965,yellow,,data.nex
