ID,Name,Nexus_File,rooted,type,method,scaling,Source
summary,TREE1,summary.trees,,summary,bayesian,millennia,Sagart2019
posterior-1,STATE_78250000,posterior.trees,,sample,bayesian,millennia,Sagart2019
posterior-2,STATE_11660000,posterior.trees,,sample,bayesian,millennia,Sagart2019
posterior-3,STATE_58920000,posterior.trees,,sample,bayesian,millennia,Sagart2019
posterior-4,STATE_70360000,posterior.trees,,sample,bayesian,millennia,Sagart2019
posterior-5,STATE_41720000,posterior.trees,,sample,bayesian,millennia,Sagart2019
posterior-6,STATE_54270000,posterior.trees,,sample,bayesian,millennia,Sagart2019
posterior-7,STATE_81470000,posterior.trees,,sample,bayesian,millennia,Sagart2019
posterior-8,STATE_36490000,posterior.trees,,sample,bayesian,millennia,Sagart2019
posterior-9,STATE_71120000,posterior.trees,,sample,bayesian,millennia,Sagart2019
posterior-10,STATE_30350000,posterior.trees,,sample,bayesian,millennia,Sagart2019
posterior-11,STATE_80930000,posterior.trees,,sample,bayesian,millennia,Sagart2019
posterior-12,STATE_52770000,posterior.trees,,sample,bayesian,millennia,Sagart2019
posterior-13,STATE_38560000,posterior.trees,,sample,bayesian,millennia,Sagart2019
posterior-14,STATE_40600000,posterior.trees,,sample,bayesian,millennia,Sagart2019
posterior-15,STATE_68140000,posterior.trees,,sample,bayesian,millennia,Sagart2019
posterior-16,STATE_24950000,posterior.trees,,sample,bayesian,millennia,Sagart2019
posterior-17,STATE_97000000,posterior.trees,,sample,bayesian,millennia,Sagart2019
posterior-18,STATE_77520000,posterior.trees,,sample,bayesian,millennia,Sagart2019
posterior-19,STATE_92560000,posterior.trees,,sample,bayesian,millennia,Sagart2019
posterior-20,STATE_37290000,posterior.trees,,sample,bayesian,millennia,Sagart2019
posterior-21,STATE_34270000,posterior.trees,,sample,bayesian,millennia,Sagart2019
posterior-22,STATE_43700000,posterior.trees,,sample,bayesian,millennia,Sagart2019
posterior-23,STATE_22750000,posterior.trees,,sample,bayesian,millennia,Sagart2019
posterior-24,STATE_41120000,posterior.trees,,sample,bayesian,millennia,Sagart2019
posterior-25,STATE_65960000,posterior.trees,,sample,bayesian,millennia,Sagart2019
posterior-26,STATE_62760000,posterior.trees,,sample,bayesian,millennia,Sagart2019
posterior-27,STATE_13850000,posterior.trees,,sample,bayesian,millennia,Sagart2019
posterior-28,STATE_85170000,posterior.trees,,sample,bayesian,millennia,Sagart2019
posterior-29,STATE_65620000,posterior.trees,,sample,bayesian,millennia,Sagart2019
posterior-30,STATE_14400000,posterior.trees,,sample,bayesian,millennia,Sagart2019
posterior-31,STATE_93670000,posterior.trees,,sample,bayesian,millennia,Sagart2019
posterior-32,STATE_78070000,posterior.trees,,sample,bayesian,millennia,Sagart2019
posterior-33,STATE_10560000,posterior.trees,,sample,bayesian,millennia,Sagart2019
posterior-34,STATE_11090000,posterior.trees,,sample,bayesian,millennia,Sagart2019
posterior-35,STATE_36830000,posterior.trees,,sample,bayesian,millennia,Sagart2019
posterior-36,STATE_39300000,posterior.trees,,sample,bayesian,millennia,Sagart2019
posterior-37,STATE_56950000,posterior.trees,,sample,bayesian,millennia,Sagart2019
posterior-38,STATE_26300000,posterior.trees,,sample,bayesian,millennia,Sagart2019
posterior-39,STATE_77910000,posterior.trees,,sample,bayesian,millennia,Sagart2019
posterior-40,STATE_27340000,posterior.trees,,sample,bayesian,millennia,Sagart2019
posterior-41,STATE_39760000,posterior.trees,,sample,bayesian,millennia,Sagart2019
posterior-42,STATE_71440000,posterior.trees,,sample,bayesian,millennia,Sagart2019
posterior-43,STATE_48110000,posterior.trees,,sample,bayesian,millennia,Sagart2019
posterior-44,STATE_95780000,posterior.trees,,sample,bayesian,millennia,Sagart2019
posterior-45,STATE_64040000,posterior.trees,,sample,bayesian,millennia,Sagart2019
posterior-46,STATE_16590000,posterior.trees,,sample,bayesian,millennia,Sagart2019
posterior-47,STATE_48060000,posterior.trees,,sample,bayesian,millennia,Sagart2019
posterior-48,STATE_29620000,posterior.trees,,sample,bayesian,millennia,Sagart2019
posterior-49,STATE_91790000,posterior.trees,,sample,bayesian,millennia,Sagart2019
posterior-50,STATE_45450000,posterior.trees,,sample,bayesian,millennia,Sagart2019
posterior-51,STATE_40440000,posterior.trees,,sample,bayesian,millennia,Sagart2019
posterior-52,STATE_52220000,posterior.trees,,sample,bayesian,millennia,Sagart2019
posterior-53,STATE_81050000,posterior.trees,,sample,bayesian,millennia,Sagart2019
posterior-54,STATE_94900000,posterior.trees,,sample,bayesian,millennia,Sagart2019
posterior-55,STATE_31270000,posterior.trees,,sample,bayesian,millennia,Sagart2019
posterior-56,STATE_16800000,posterior.trees,,sample,bayesian,millennia,Sagart2019
posterior-57,STATE_36890000,posterior.trees,,sample,bayesian,millennia,Sagart2019
posterior-58,STATE_59360000,posterior.trees,,sample,bayesian,millennia,Sagart2019
posterior-59,STATE_11530000,posterior.trees,,sample,bayesian,millennia,Sagart2019
posterior-60,STATE_34620000,posterior.trees,,sample,bayesian,millennia,Sagart2019
posterior-61,STATE_47530000,posterior.trees,,sample,bayesian,millennia,Sagart2019
posterior-62,STATE_67290000,posterior.trees,,sample,bayesian,millennia,Sagart2019
posterior-63,STATE_98330000,posterior.trees,,sample,bayesian,millennia,Sagart2019
posterior-64,STATE_66020000,posterior.trees,,sample,bayesian,millennia,Sagart2019
posterior-65,STATE_35710000,posterior.trees,,sample,bayesian,millennia,Sagart2019
posterior-66,STATE_73240000,posterior.trees,,sample,bayesian,millennia,Sagart2019
posterior-67,STATE_63040000,posterior.trees,,sample,bayesian,millennia,Sagart2019
posterior-68,STATE_12100000,posterior.trees,,sample,bayesian,millennia,Sagart2019
posterior-69,STATE_18080000,posterior.trees,,sample,bayesian,millennia,Sagart2019
posterior-70,STATE_19970000,posterior.trees,,sample,bayesian,millennia,Sagart2019
posterior-71,STATE_82920000,posterior.trees,,sample,bayesian,millennia,Sagart2019
posterior-72,STATE_22870000,posterior.trees,,sample,bayesian,millennia,Sagart2019
posterior-73,STATE_73580000,posterior.trees,,sample,bayesian,millennia,Sagart2019
posterior-74,STATE_39400000,posterior.trees,,sample,bayesian,millennia,Sagart2019
posterior-75,STATE_11910000,posterior.trees,,sample,bayesian,millennia,Sagart2019
posterior-76,STATE_70250000,posterior.trees,,sample,bayesian,millennia,Sagart2019
posterior-77,STATE_45280000,posterior.trees,,sample,bayesian,millennia,Sagart2019
posterior-78,STATE_93970000,posterior.trees,,sample,bayesian,millennia,Sagart2019
posterior-79,STATE_29900000,posterior.trees,,sample,bayesian,millennia,Sagart2019
posterior-80,STATE_88770000,posterior.trees,,sample,bayesian,millennia,Sagart2019
posterior-81,STATE_20080000,posterior.trees,,sample,bayesian,millennia,Sagart2019
posterior-82,STATE_12260000,posterior.trees,,sample,bayesian,millennia,Sagart2019
posterior-83,STATE_90570000,posterior.trees,,sample,bayesian,millennia,Sagart2019
posterior-84,STATE_63370000,posterior.trees,,sample,bayesian,millennia,Sagart2019
posterior-85,STATE_78940000,posterior.trees,,sample,bayesian,millennia,Sagart2019
posterior-86,STATE_43020000,posterior.trees,,sample,bayesian,millennia,Sagart2019
posterior-87,STATE_69680000,posterior.trees,,sample,bayesian,millennia,Sagart2019
posterior-88,STATE_29550000,posterior.trees,,sample,bayesian,millennia,Sagart2019
posterior-89,STATE_34520000,posterior.trees,,sample,bayesian,millennia,Sagart2019
posterior-90,STATE_23110000,posterior.trees,,sample,bayesian,millennia,Sagart2019
posterior-91,STATE_91080000,posterior.trees,,sample,bayesian,millennia,Sagart2019
posterior-92,STATE_37020000,posterior.trees,,sample,bayesian,millennia,Sagart2019
posterior-93,STATE_64970000,posterior.trees,,sample,bayesian,millennia,Sagart2019
posterior-94,STATE_47780000,posterior.trees,,sample,bayesian,millennia,Sagart2019
posterior-95,STATE_43300000,posterior.trees,,sample,bayesian,millennia,Sagart2019
posterior-96,STATE_36790000,posterior.trees,,sample,bayesian,millennia,Sagart2019
posterior-97,STATE_36660000,posterior.trees,,sample,bayesian,millennia,Sagart2019
posterior-98,STATE_57230000,posterior.trees,,sample,bayesian,millennia,Sagart2019
posterior-99,STATE_34590000,posterior.trees,,sample,bayesian,millennia,Sagart2019
posterior-100,STATE_98000000,posterior.trees,,sample,bayesian,millennia,Sagart2019
posterior-101,STATE_24840000,posterior.trees,,sample,bayesian,millennia,Sagart2019
posterior-102,STATE_95130000,posterior.trees,,sample,bayesian,millennia,Sagart2019
posterior-103,STATE_10540000,posterior.trees,,sample,bayesian,millennia,Sagart2019
posterior-104,STATE_34000000,posterior.trees,,sample,bayesian,millennia,Sagart2019
posterior-105,STATE_10520000,posterior.trees,,sample,bayesian,millennia,Sagart2019
posterior-106,STATE_91270000,posterior.trees,,sample,bayesian,millennia,Sagart2019
posterior-107,STATE_40280000,posterior.trees,,sample,bayesian,millennia,Sagart2019
posterior-108,STATE_25700000,posterior.trees,,sample,bayesian,millennia,Sagart2019
posterior-109,STATE_53290000,posterior.trees,,sample,bayesian,millennia,Sagart2019
posterior-110,STATE_92760000,posterior.trees,,sample,bayesian,millennia,Sagart2019
posterior-111,STATE_76540000,posterior.trees,,sample,bayesian,millennia,Sagart2019
posterior-112,STATE_20830000,posterior.trees,,sample,bayesian,millennia,Sagart2019
posterior-113,STATE_85500000,posterior.trees,,sample,bayesian,millennia,Sagart2019
posterior-114,STATE_78270000,posterior.trees,,sample,bayesian,millennia,Sagart2019
posterior-115,STATE_39800000,posterior.trees,,sample,bayesian,millennia,Sagart2019
posterior-116,STATE_49850000,posterior.trees,,sample,bayesian,millennia,Sagart2019
posterior-117,STATE_40190000,posterior.trees,,sample,bayesian,millennia,Sagart2019
posterior-118,STATE_14460000,posterior.trees,,sample,bayesian,millennia,Sagart2019
posterior-119,STATE_71090000,posterior.trees,,sample,bayesian,millennia,Sagart2019
posterior-120,STATE_64140000,posterior.trees,,sample,bayesian,millennia,Sagart2019
posterior-121,STATE_38820000,posterior.trees,,sample,bayesian,millennia,Sagart2019
posterior-122,STATE_74670000,posterior.trees,,sample,bayesian,millennia,Sagart2019
posterior-123,STATE_39130000,posterior.trees,,sample,bayesian,millennia,Sagart2019
posterior-124,STATE_39160000,posterior.trees,,sample,bayesian,millennia,Sagart2019
posterior-125,STATE_94910000,posterior.trees,,sample,bayesian,millennia,Sagart2019
posterior-126,STATE_50780000,posterior.trees,,sample,bayesian,millennia,Sagart2019
posterior-127,STATE_77700000,posterior.trees,,sample,bayesian,millennia,Sagart2019
posterior-128,STATE_94080000,posterior.trees,,sample,bayesian,millennia,Sagart2019
posterior-129,STATE_78400000,posterior.trees,,sample,bayesian,millennia,Sagart2019
posterior-130,STATE_63240000,posterior.trees,,sample,bayesian,millennia,Sagart2019
posterior-131,STATE_29680000,posterior.trees,,sample,bayesian,millennia,Sagart2019
posterior-132,STATE_21090000,posterior.trees,,sample,bayesian,millennia,Sagart2019
posterior-133,STATE_85440000,posterior.trees,,sample,bayesian,millennia,Sagart2019
posterior-134,STATE_41950000,posterior.trees,,sample,bayesian,millennia,Sagart2019
posterior-135,STATE_43070000,posterior.trees,,sample,bayesian,millennia,Sagart2019
posterior-136,STATE_32120000,posterior.trees,,sample,bayesian,millennia,Sagart2019
posterior-137,STATE_96990000,posterior.trees,,sample,bayesian,millennia,Sagart2019
posterior-138,STATE_48210000,posterior.trees,,sample,bayesian,millennia,Sagart2019
posterior-139,STATE_64110000,posterior.trees,,sample,bayesian,millennia,Sagart2019
posterior-140,STATE_57890000,posterior.trees,,sample,bayesian,millennia,Sagart2019
posterior-141,STATE_30530000,posterior.trees,,sample,bayesian,millennia,Sagart2019
posterior-142,STATE_98180000,posterior.trees,,sample,bayesian,millennia,Sagart2019
posterior-143,STATE_93610000,posterior.trees,,sample,bayesian,millennia,Sagart2019
posterior-144,STATE_19690000,posterior.trees,,sample,bayesian,millennia,Sagart2019
posterior-145,STATE_52580000,posterior.trees,,sample,bayesian,millennia,Sagart2019
posterior-146,STATE_79930000,posterior.trees,,sample,bayesian,millennia,Sagart2019
posterior-147,STATE_17210000,posterior.trees,,sample,bayesian,millennia,Sagart2019
posterior-148,STATE_69630000,posterior.trees,,sample,bayesian,millennia,Sagart2019
posterior-149,STATE_94650000,posterior.trees,,sample,bayesian,millennia,Sagart2019
posterior-150,STATE_97800000,posterior.trees,,sample,bayesian,millennia,Sagart2019
posterior-151,STATE_27620000,posterior.trees,,sample,bayesian,millennia,Sagart2019
posterior-152,STATE_21130000,posterior.trees,,sample,bayesian,millennia,Sagart2019
posterior-153,STATE_35580000,posterior.trees,,sample,bayesian,millennia,Sagart2019
posterior-154,STATE_70820000,posterior.trees,,sample,bayesian,millennia,Sagart2019
posterior-155,STATE_15780000,posterior.trees,,sample,bayesian,millennia,Sagart2019
posterior-156,STATE_55040000,posterior.trees,,sample,bayesian,millennia,Sagart2019
posterior-157,STATE_82750000,posterior.trees,,sample,bayesian,millennia,Sagart2019
posterior-158,STATE_70400000,posterior.trees,,sample,bayesian,millennia,Sagart2019
posterior-159,STATE_75820000,posterior.trees,,sample,bayesian,millennia,Sagart2019
posterior-160,STATE_60340000,posterior.trees,,sample,bayesian,millennia,Sagart2019
posterior-161,STATE_83590000,posterior.trees,,sample,bayesian,millennia,Sagart2019
posterior-162,STATE_53300000,posterior.trees,,sample,bayesian,millennia,Sagart2019
posterior-163,STATE_61090000,posterior.trees,,sample,bayesian,millennia,Sagart2019
posterior-164,STATE_90690000,posterior.trees,,sample,bayesian,millennia,Sagart2019
posterior-165,STATE_88700000,posterior.trees,,sample,bayesian,millennia,Sagart2019
posterior-166,STATE_18250000,posterior.trees,,sample,bayesian,millennia,Sagart2019
posterior-167,STATE_53430000,posterior.trees,,sample,bayesian,millennia,Sagart2019
posterior-168,STATE_83000000,posterior.trees,,sample,bayesian,millennia,Sagart2019
posterior-169,STATE_14800000,posterior.trees,,sample,bayesian,millennia,Sagart2019
posterior-170,STATE_45980000,posterior.trees,,sample,bayesian,millennia,Sagart2019
posterior-171,STATE_66530000,posterior.trees,,sample,bayesian,millennia,Sagart2019
posterior-172,STATE_32290000,posterior.trees,,sample,bayesian,millennia,Sagart2019
posterior-173,STATE_10330000,posterior.trees,,sample,bayesian,millennia,Sagart2019
posterior-174,STATE_23620000,posterior.trees,,sample,bayesian,millennia,Sagart2019
posterior-175,STATE_15010000,posterior.trees,,sample,bayesian,millennia,Sagart2019
posterior-176,STATE_28190000,posterior.trees,,sample,bayesian,millennia,Sagart2019
posterior-177,STATE_40790000,posterior.trees,,sample,bayesian,millennia,Sagart2019
posterior-178,STATE_75030000,posterior.trees,,sample,bayesian,millennia,Sagart2019
posterior-179,STATE_90360000,posterior.trees,,sample,bayesian,millennia,Sagart2019
posterior-180,STATE_39790000,posterior.trees,,sample,bayesian,millennia,Sagart2019
posterior-181,STATE_54660000,posterior.trees,,sample,bayesian,millennia,Sagart2019
posterior-182,STATE_67200000,posterior.trees,,sample,bayesian,millennia,Sagart2019
posterior-183,STATE_44160000,posterior.trees,,sample,bayesian,millennia,Sagart2019
posterior-184,STATE_59170000,posterior.trees,,sample,bayesian,millennia,Sagart2019
posterior-185,STATE_61650000,posterior.trees,,sample,bayesian,millennia,Sagart2019
posterior-186,STATE_73610000,posterior.trees,,sample,bayesian,millennia,Sagart2019
posterior-187,STATE_22360000,posterior.trees,,sample,bayesian,millennia,Sagart2019
posterior-188,STATE_59290000,posterior.trees,,sample,bayesian,millennia,Sagart2019
posterior-189,STATE_70350000,posterior.trees,,sample,bayesian,millennia,Sagart2019
posterior-190,STATE_16620000,posterior.trees,,sample,bayesian,millennia,Sagart2019
posterior-191,STATE_78690000,posterior.trees,,sample,bayesian,millennia,Sagart2019
posterior-192,STATE_41080000,posterior.trees,,sample,bayesian,millennia,Sagart2019
posterior-193,STATE_36300000,posterior.trees,,sample,bayesian,millennia,Sagart2019
posterior-194,STATE_23410000,posterior.trees,,sample,bayesian,millennia,Sagart2019
posterior-195,STATE_33400000,posterior.trees,,sample,bayesian,millennia,Sagart2019
posterior-196,STATE_60210000,posterior.trees,,sample,bayesian,millennia,Sagart2019
posterior-197,STATE_48050000,posterior.trees,,sample,bayesian,millennia,Sagart2019
posterior-198,STATE_64530000,posterior.trees,,sample,bayesian,millennia,Sagart2019
posterior-199,STATE_79510000,posterior.trees,,sample,bayesian,millennia,Sagart2019
posterior-200,STATE_42910000,posterior.trees,,sample,bayesian,millennia,Sagart2019
posterior-201,STATE_12270000,posterior.trees,,sample,bayesian,millennia,Sagart2019
posterior-202,STATE_34550000,posterior.trees,,sample,bayesian,millennia,Sagart2019
posterior-203,STATE_28620000,posterior.trees,,sample,bayesian,millennia,Sagart2019
posterior-204,STATE_94210000,posterior.trees,,sample,bayesian,millennia,Sagart2019
posterior-205,STATE_15160000,posterior.trees,,sample,bayesian,millennia,Sagart2019
posterior-206,STATE_65870000,posterior.trees,,sample,bayesian,millennia,Sagart2019
posterior-207,STATE_74240000,posterior.trees,,sample,bayesian,millennia,Sagart2019
posterior-208,STATE_62320000,posterior.trees,,sample,bayesian,millennia,Sagart2019
posterior-209,STATE_16680000,posterior.trees,,sample,bayesian,millennia,Sagart2019
posterior-210,STATE_49540000,posterior.trees,,sample,bayesian,millennia,Sagart2019
posterior-211,STATE_26320000,posterior.trees,,sample,bayesian,millennia,Sagart2019
posterior-212,STATE_89400000,posterior.trees,,sample,bayesian,millennia,Sagart2019
posterior-213,STATE_34330000,posterior.trees,,sample,bayesian,millennia,Sagart2019
posterior-214,STATE_43790000,posterior.trees,,sample,bayesian,millennia,Sagart2019
posterior-215,STATE_52450000,posterior.trees,,sample,bayesian,millennia,Sagart2019
posterior-216,STATE_97220000,posterior.trees,,sample,bayesian,millennia,Sagart2019
posterior-217,STATE_68800000,posterior.trees,,sample,bayesian,millennia,Sagart2019
posterior-218,STATE_35940000,posterior.trees,,sample,bayesian,millennia,Sagart2019
posterior-219,STATE_56540000,posterior.trees,,sample,bayesian,millennia,Sagart2019
posterior-220,STATE_16220000,posterior.trees,,sample,bayesian,millennia,Sagart2019
posterior-221,STATE_25030000,posterior.trees,,sample,bayesian,millennia,Sagart2019
posterior-222,STATE_25390000,posterior.trees,,sample,bayesian,millennia,Sagart2019
posterior-223,STATE_96440000,posterior.trees,,sample,bayesian,millennia,Sagart2019
posterior-224,STATE_43960000,posterior.trees,,sample,bayesian,millennia,Sagart2019
posterior-225,STATE_92600000,posterior.trees,,sample,bayesian,millennia,Sagart2019
posterior-226,STATE_77190000,posterior.trees,,sample,bayesian,millennia,Sagart2019
posterior-227,STATE_95850000,posterior.trees,,sample,bayesian,millennia,Sagart2019
posterior-228,STATE_12490000,posterior.trees,,sample,bayesian,millennia,Sagart2019
posterior-229,STATE_95190000,posterior.trees,,sample,bayesian,millennia,Sagart2019
posterior-230,STATE_34830000,posterior.trees,,sample,bayesian,millennia,Sagart2019
posterior-231,STATE_97100000,posterior.trees,,sample,bayesian,millennia,Sagart2019
posterior-232,STATE_63300000,posterior.trees,,sample,bayesian,millennia,Sagart2019
posterior-233,STATE_36820000,posterior.trees,,sample,bayesian,millennia,Sagart2019
posterior-234,STATE_84950000,posterior.trees,,sample,bayesian,millennia,Sagart2019
posterior-235,STATE_77920000,posterior.trees,,sample,bayesian,millennia,Sagart2019
posterior-236,STATE_82020000,posterior.trees,,sample,bayesian,millennia,Sagart2019
posterior-237,STATE_14020000,posterior.trees,,sample,bayesian,millennia,Sagart2019
posterior-238,STATE_70900000,posterior.trees,,sample,bayesian,millennia,Sagart2019
posterior-239,STATE_14480000,posterior.trees,,sample,bayesian,millennia,Sagart2019
posterior-240,STATE_73640000,posterior.trees,,sample,bayesian,millennia,Sagart2019
posterior-241,STATE_67920000,posterior.trees,,sample,bayesian,millennia,Sagart2019
posterior-242,STATE_98620000,posterior.trees,,sample,bayesian,millennia,Sagart2019
posterior-243,STATE_12790000,posterior.trees,,sample,bayesian,millennia,Sagart2019
posterior-244,STATE_62300000,posterior.trees,,sample,bayesian,millennia,Sagart2019
posterior-245,STATE_87040000,posterior.trees,,sample,bayesian,millennia,Sagart2019
posterior-246,STATE_81700000,posterior.trees,,sample,bayesian,millennia,Sagart2019
posterior-247,STATE_17490000,posterior.trees,,sample,bayesian,millennia,Sagart2019
posterior-248,STATE_62260000,posterior.trees,,sample,bayesian,millennia,Sagart2019
posterior-249,STATE_61310000,posterior.trees,,sample,bayesian,millennia,Sagart2019
posterior-250,STATE_73810000,posterior.trees,,sample,bayesian,millennia,Sagart2019
posterior-251,STATE_58900000,posterior.trees,,sample,bayesian,millennia,Sagart2019
posterior-252,STATE_30550000,posterior.trees,,sample,bayesian,millennia,Sagart2019
posterior-253,STATE_72210000,posterior.trees,,sample,bayesian,millennia,Sagart2019
posterior-254,STATE_19290000,posterior.trees,,sample,bayesian,millennia,Sagart2019
posterior-255,STATE_27990000,posterior.trees,,sample,bayesian,millennia,Sagart2019
posterior-256,STATE_89650000,posterior.trees,,sample,bayesian,millennia,Sagart2019
posterior-257,STATE_29440000,posterior.trees,,sample,bayesian,millennia,Sagart2019
posterior-258,STATE_25790000,posterior.trees,,sample,bayesian,millennia,Sagart2019
posterior-259,STATE_38520000,posterior.trees,,sample,bayesian,millennia,Sagart2019
posterior-260,STATE_15440000,posterior.trees,,sample,bayesian,millennia,Sagart2019
posterior-261,STATE_18390000,posterior.trees,,sample,bayesian,millennia,Sagart2019
posterior-262,STATE_60600000,posterior.trees,,sample,bayesian,millennia,Sagart2019
posterior-263,STATE_45460000,posterior.trees,,sample,bayesian,millennia,Sagart2019
posterior-264,STATE_96020000,posterior.trees,,sample,bayesian,millennia,Sagart2019
posterior-265,STATE_25800000,posterior.trees,,sample,bayesian,millennia,Sagart2019
posterior-266,STATE_85430000,posterior.trees,,sample,bayesian,millennia,Sagart2019
posterior-267,STATE_86850000,posterior.trees,,sample,bayesian,millennia,Sagart2019
posterior-268,STATE_19640000,posterior.trees,,sample,bayesian,millennia,Sagart2019
posterior-269,STATE_79360000,posterior.trees,,sample,bayesian,millennia,Sagart2019
posterior-270,STATE_46050000,posterior.trees,,sample,bayesian,millennia,Sagart2019
posterior-271,STATE_46390000,posterior.trees,,sample,bayesian,millennia,Sagart2019
posterior-272,STATE_63980000,posterior.trees,,sample,bayesian,millennia,Sagart2019
posterior-273,STATE_36560000,posterior.trees,,sample,bayesian,millennia,Sagart2019
posterior-274,STATE_72780000,posterior.trees,,sample,bayesian,millennia,Sagart2019
posterior-275,STATE_99010000,posterior.trees,,sample,bayesian,millennia,Sagart2019
posterior-276,STATE_49590000,posterior.trees,,sample,bayesian,millennia,Sagart2019
posterior-277,STATE_87260000,posterior.trees,,sample,bayesian,millennia,Sagart2019
posterior-278,STATE_39550000,posterior.trees,,sample,bayesian,millennia,Sagart2019
posterior-279,STATE_44150000,posterior.trees,,sample,bayesian,millennia,Sagart2019
posterior-280,STATE_45040000,posterior.trees,,sample,bayesian,millennia,Sagart2019
posterior-281,STATE_36110000,posterior.trees,,sample,bayesian,millennia,Sagart2019
posterior-282,STATE_84620000,posterior.trees,,sample,bayesian,millennia,Sagart2019
posterior-283,STATE_12360000,posterior.trees,,sample,bayesian,millennia,Sagart2019
posterior-284,STATE_41930000,posterior.trees,,sample,bayesian,millennia,Sagart2019
posterior-285,STATE_21990000,posterior.trees,,sample,bayesian,millennia,Sagart2019
posterior-286,STATE_21420000,posterior.trees,,sample,bayesian,millennia,Sagart2019
posterior-287,STATE_30030000,posterior.trees,,sample,bayesian,millennia,Sagart2019
posterior-288,STATE_25470000,posterior.trees,,sample,bayesian,millennia,Sagart2019
posterior-289,STATE_53450000,posterior.trees,,sample,bayesian,millennia,Sagart2019
posterior-290,STATE_48610000,posterior.trees,,sample,bayesian,millennia,Sagart2019
posterior-291,STATE_44990000,posterior.trees,,sample,bayesian,millennia,Sagart2019
posterior-292,STATE_55480000,posterior.trees,,sample,bayesian,millennia,Sagart2019
posterior-293,STATE_46910000,posterior.trees,,sample,bayesian,millennia,Sagart2019
posterior-294,STATE_91530000,posterior.trees,,sample,bayesian,millennia,Sagart2019
posterior-295,STATE_70640000,posterior.trees,,sample,bayesian,millennia,Sagart2019
posterior-296,STATE_83190000,posterior.trees,,sample,bayesian,millennia,Sagart2019
posterior-297,STATE_76110000,posterior.trees,,sample,bayesian,millennia,Sagart2019
posterior-298,STATE_50810000,posterior.trees,,sample,bayesian,millennia,Sagart2019
posterior-299,STATE_83820000,posterior.trees,,sample,bayesian,millennia,Sagart2019
posterior-300,STATE_92640000,posterior.trees,,sample,bayesian,millennia,Sagart2019
posterior-301,STATE_27760000,posterior.trees,,sample,bayesian,millennia,Sagart2019
posterior-302,STATE_94890000,posterior.trees,,sample,bayesian,millennia,Sagart2019
posterior-303,STATE_14930000,posterior.trees,,sample,bayesian,millennia,Sagart2019
posterior-304,STATE_94020000,posterior.trees,,sample,bayesian,millennia,Sagart2019
posterior-305,STATE_98500000,posterior.trees,,sample,bayesian,millennia,Sagart2019
posterior-306,STATE_70280000,posterior.trees,,sample,bayesian,millennia,Sagart2019
posterior-307,STATE_49130000,posterior.trees,,sample,bayesian,millennia,Sagart2019
posterior-308,STATE_75480000,posterior.trees,,sample,bayesian,millennia,Sagart2019
posterior-309,STATE_90800000,posterior.trees,,sample,bayesian,millennia,Sagart2019
posterior-310,STATE_23500000,posterior.trees,,sample,bayesian,millennia,Sagart2019
posterior-311,STATE_79060000,posterior.trees,,sample,bayesian,millennia,Sagart2019
posterior-312,STATE_86270000,posterior.trees,,sample,bayesian,millennia,Sagart2019
posterior-313,STATE_63690000,posterior.trees,,sample,bayesian,millennia,Sagart2019
posterior-314,STATE_50830000,posterior.trees,,sample,bayesian,millennia,Sagart2019
posterior-315,STATE_82780000,posterior.trees,,sample,bayesian,millennia,Sagart2019
posterior-316,STATE_59760000,posterior.trees,,sample,bayesian,millennia,Sagart2019
posterior-317,STATE_79570000,posterior.trees,,sample,bayesian,millennia,Sagart2019
posterior-318,STATE_30410000,posterior.trees,,sample,bayesian,millennia,Sagart2019
posterior-319,STATE_38050000,posterior.trees,,sample,bayesian,millennia,Sagart2019
posterior-320,STATE_45710000,posterior.trees,,sample,bayesian,millennia,Sagart2019
posterior-321,STATE_73050000,posterior.trees,,sample,bayesian,millennia,Sagart2019
posterior-322,STATE_52960000,posterior.trees,,sample,bayesian,millennia,Sagart2019
posterior-323,STATE_38830000,posterior.trees,,sample,bayesian,millennia,Sagart2019
posterior-324,STATE_10910000,posterior.trees,,sample,bayesian,millennia,Sagart2019
posterior-325,STATE_94620000,posterior.trees,,sample,bayesian,millennia,Sagart2019
posterior-326,STATE_55260000,posterior.trees,,sample,bayesian,millennia,Sagart2019
posterior-327,STATE_13890000,posterior.trees,,sample,bayesian,millennia,Sagart2019
posterior-328,STATE_88530000,posterior.trees,,sample,bayesian,millennia,Sagart2019
posterior-329,STATE_64440000,posterior.trees,,sample,bayesian,millennia,Sagart2019
posterior-330,STATE_43030000,posterior.trees,,sample,bayesian,millennia,Sagart2019
posterior-331,STATE_59510000,posterior.trees,,sample,bayesian,millennia,Sagart2019
posterior-332,STATE_14600000,posterior.trees,,sample,bayesian,millennia,Sagart2019
posterior-333,STATE_75150000,posterior.trees,,sample,bayesian,millennia,Sagart2019
posterior-334,STATE_70130000,posterior.trees,,sample,bayesian,millennia,Sagart2019
posterior-335,STATE_51030000,posterior.trees,,sample,bayesian,millennia,Sagart2019
posterior-336,STATE_47750000,posterior.trees,,sample,bayesian,millennia,Sagart2019
posterior-337,STATE_25110000,posterior.trees,,sample,bayesian,millennia,Sagart2019
posterior-338,STATE_43420000,posterior.trees,,sample,bayesian,millennia,Sagart2019
posterior-339,STATE_51160000,posterior.trees,,sample,bayesian,millennia,Sagart2019
posterior-340,STATE_10950000,posterior.trees,,sample,bayesian,millennia,Sagart2019
posterior-341,STATE_12710000,posterior.trees,,sample,bayesian,millennia,Sagart2019
posterior-342,STATE_34790000,posterior.trees,,sample,bayesian,millennia,Sagart2019
posterior-343,STATE_31840000,posterior.trees,,sample,bayesian,millennia,Sagart2019
posterior-344,STATE_63800000,posterior.trees,,sample,bayesian,millennia,Sagart2019
posterior-345,STATE_44920000,posterior.trees,,sample,bayesian,millennia,Sagart2019
posterior-346,STATE_31030000,posterior.trees,,sample,bayesian,millennia,Sagart2019
posterior-347,STATE_93590000,posterior.trees,,sample,bayesian,millennia,Sagart2019
posterior-348,STATE_56820000,posterior.trees,,sample,bayesian,millennia,Sagart2019
posterior-349,STATE_14750000,posterior.trees,,sample,bayesian,millennia,Sagart2019
posterior-350,STATE_44420000,posterior.trees,,sample,bayesian,millennia,Sagart2019
posterior-351,STATE_80240000,posterior.trees,,sample,bayesian,millennia,Sagart2019
posterior-352,STATE_74440000,posterior.trees,,sample,bayesian,millennia,Sagart2019
posterior-353,STATE_75780000,posterior.trees,,sample,bayesian,millennia,Sagart2019
posterior-354,STATE_82110000,posterior.trees,,sample,bayesian,millennia,Sagart2019
posterior-355,STATE_55870000,posterior.trees,,sample,bayesian,millennia,Sagart2019
posterior-356,STATE_92250000,posterior.trees,,sample,bayesian,millennia,Sagart2019
posterior-357,STATE_56270000,posterior.trees,,sample,bayesian,millennia,Sagart2019
posterior-358,STATE_98010000,posterior.trees,,sample,bayesian,millennia,Sagart2019
posterior-359,STATE_21980000,posterior.trees,,sample,bayesian,millennia,Sagart2019
posterior-360,STATE_88190000,posterior.trees,,sample,bayesian,millennia,Sagart2019
posterior-361,STATE_89060000,posterior.trees,,sample,bayesian,millennia,Sagart2019
posterior-362,STATE_35990000,posterior.trees,,sample,bayesian,millennia,Sagart2019
posterior-363,STATE_79140000,posterior.trees,,sample,bayesian,millennia,Sagart2019
posterior-364,STATE_17780000,posterior.trees,,sample,bayesian,millennia,Sagart2019
posterior-365,STATE_26110000,posterior.trees,,sample,bayesian,millennia,Sagart2019
posterior-366,STATE_29530000,posterior.trees,,sample,bayesian,millennia,Sagart2019
posterior-367,STATE_53640000,posterior.trees,,sample,bayesian,millennia,Sagart2019
posterior-368,STATE_61560000,posterior.trees,,sample,bayesian,millennia,Sagart2019
posterior-369,STATE_77620000,posterior.trees,,sample,bayesian,millennia,Sagart2019
posterior-370,STATE_74280000,posterior.trees,,sample,bayesian,millennia,Sagart2019
posterior-371,STATE_88120000,posterior.trees,,sample,bayesian,millennia,Sagart2019
posterior-372,STATE_25180000,posterior.trees,,sample,bayesian,millennia,Sagart2019
posterior-373,STATE_73850000,posterior.trees,,sample,bayesian,millennia,Sagart2019
posterior-374,STATE_29850000,posterior.trees,,sample,bayesian,millennia,Sagart2019
posterior-375,STATE_80590000,posterior.trees,,sample,bayesian,millennia,Sagart2019
posterior-376,STATE_47660000,posterior.trees,,sample,bayesian,millennia,Sagart2019
posterior-377,STATE_11190000,posterior.trees,,sample,bayesian,millennia,Sagart2019
posterior-378,STATE_35480000,posterior.trees,,sample,bayesian,millennia,Sagart2019
posterior-379,STATE_12340000,posterior.trees,,sample,bayesian,millennia,Sagart2019
posterior-380,STATE_68310000,posterior.trees,,sample,bayesian,millennia,Sagart2019
posterior-381,STATE_36230000,posterior.trees,,sample,bayesian,millennia,Sagart2019
posterior-382,STATE_54210000,posterior.trees,,sample,bayesian,millennia,Sagart2019
posterior-383,STATE_33660000,posterior.trees,,sample,bayesian,millennia,Sagart2019
posterior-384,STATE_73440000,posterior.trees,,sample,bayesian,millennia,Sagart2019
posterior-385,STATE_36270000,posterior.trees,,sample,bayesian,millennia,Sagart2019
posterior-386,STATE_61110000,posterior.trees,,sample,bayesian,millennia,Sagart2019
posterior-387,STATE_62830000,posterior.trees,,sample,bayesian,millennia,Sagart2019
posterior-388,STATE_61800000,posterior.trees,,sample,bayesian,millennia,Sagart2019
posterior-389,STATE_80430000,posterior.trees,,sample,bayesian,millennia,Sagart2019
posterior-390,STATE_16420000,posterior.trees,,sample,bayesian,millennia,Sagart2019
posterior-391,STATE_68020000,posterior.trees,,sample,bayesian,millennia,Sagart2019
posterior-392,STATE_50180000,posterior.trees,,sample,bayesian,millennia,Sagart2019
posterior-393,STATE_85000000,posterior.trees,,sample,bayesian,millennia,Sagart2019
posterior-394,STATE_14380000,posterior.trees,,sample,bayesian,millennia,Sagart2019
posterior-395,STATE_66830000,posterior.trees,,sample,bayesian,millennia,Sagart2019
posterior-396,STATE_74250000,posterior.trees,,sample,bayesian,millennia,Sagart2019
posterior-397,STATE_91560000,posterior.trees,,sample,bayesian,millennia,Sagart2019
posterior-398,STATE_32460000,posterior.trees,,sample,bayesian,millennia,Sagart2019
posterior-399,STATE_71280000,posterior.trees,,sample,bayesian,millennia,Sagart2019
posterior-400,STATE_58930000,posterior.trees,,sample,bayesian,millennia,Sagart2019
posterior-401,STATE_99690000,posterior.trees,,sample,bayesian,millennia,Sagart2019
posterior-402,STATE_31670000,posterior.trees,,sample,bayesian,millennia,Sagart2019
posterior-403,STATE_91730000,posterior.trees,,sample,bayesian,millennia,Sagart2019
posterior-404,STATE_83960000,posterior.trees,,sample,bayesian,millennia,Sagart2019
posterior-405,STATE_11820000,posterior.trees,,sample,bayesian,millennia,Sagart2019
posterior-406,STATE_86390000,posterior.trees,,sample,bayesian,millennia,Sagart2019
posterior-407,STATE_70220000,posterior.trees,,sample,bayesian,millennia,Sagart2019
posterior-408,STATE_47800000,posterior.trees,,sample,bayesian,millennia,Sagart2019
posterior-409,STATE_77080000,posterior.trees,,sample,bayesian,millennia,Sagart2019
posterior-410,STATE_87290000,posterior.trees,,sample,bayesian,millennia,Sagart2019
posterior-411,STATE_46930000,posterior.trees,,sample,bayesian,millennia,Sagart2019
posterior-412,STATE_93260000,posterior.trees,,sample,bayesian,millennia,Sagart2019
posterior-413,STATE_65710000,posterior.trees,,sample,bayesian,millennia,Sagart2019
posterior-414,STATE_90540000,posterior.trees,,sample,bayesian,millennia,Sagart2019
posterior-415,STATE_58410000,posterior.trees,,sample,bayesian,millennia,Sagart2019
posterior-416,STATE_47450000,posterior.trees,,sample,bayesian,millennia,Sagart2019
posterior-417,STATE_78060000,posterior.trees,,sample,bayesian,millennia,Sagart2019
posterior-418,STATE_62360000,posterior.trees,,sample,bayesian,millennia,Sagart2019
posterior-419,STATE_25970000,posterior.trees,,sample,bayesian,millennia,Sagart2019
posterior-420,STATE_34560000,posterior.trees,,sample,bayesian,millennia,Sagart2019
posterior-421,STATE_40420000,posterior.trees,,sample,bayesian,millennia,Sagart2019
posterior-422,STATE_97460000,posterior.trees,,sample,bayesian,millennia,Sagart2019
posterior-423,STATE_17580000,posterior.trees,,sample,bayesian,millennia,Sagart2019
posterior-424,STATE_30140000,posterior.trees,,sample,bayesian,millennia,Sagart2019
posterior-425,STATE_73400000,posterior.trees,,sample,bayesian,millennia,Sagart2019
posterior-426,STATE_30500000,posterior.trees,,sample,bayesian,millennia,Sagart2019
posterior-427,STATE_70700000,posterior.trees,,sample,bayesian,millennia,Sagart2019
posterior-428,STATE_20510000,posterior.trees,,sample,bayesian,millennia,Sagart2019
posterior-429,STATE_42830000,posterior.trees,,sample,bayesian,millennia,Sagart2019
posterior-430,STATE_45230000,posterior.trees,,sample,bayesian,millennia,Sagart2019
posterior-431,STATE_10180000,posterior.trees,,sample,bayesian,millennia,Sagart2019
posterior-432,STATE_25670000,posterior.trees,,sample,bayesian,millennia,Sagart2019
posterior-433,STATE_65220000,posterior.trees,,sample,bayesian,millennia,Sagart2019
posterior-434,STATE_52730000,posterior.trees,,sample,bayesian,millennia,Sagart2019
posterior-435,STATE_50790000,posterior.trees,,sample,bayesian,millennia,Sagart2019
posterior-436,STATE_55360000,posterior.trees,,sample,bayesian,millennia,Sagart2019
posterior-437,STATE_60870000,posterior.trees,,sample,bayesian,millennia,Sagart2019
posterior-438,STATE_66800000,posterior.trees,,sample,bayesian,millennia,Sagart2019
posterior-439,STATE_61600000,posterior.trees,,sample,bayesian,millennia,Sagart2019
posterior-440,STATE_74170000,posterior.trees,,sample,bayesian,millennia,Sagart2019
posterior-441,STATE_13510000,posterior.trees,,sample,bayesian,millennia,Sagart2019
posterior-442,STATE_29830000,posterior.trees,,sample,bayesian,millennia,Sagart2019
posterior-443,STATE_81790000,posterior.trees,,sample,bayesian,millennia,Sagart2019
posterior-444,STATE_82130000,posterior.trees,,sample,bayesian,millennia,Sagart2019
posterior-445,STATE_61690000,posterior.trees,,sample,bayesian,millennia,Sagart2019
posterior-446,STATE_51790000,posterior.trees,,sample,bayesian,millennia,Sagart2019
posterior-447,STATE_26290000,posterior.trees,,sample,bayesian,millennia,Sagart2019
posterior-448,STATE_57500000,posterior.trees,,sample,bayesian,millennia,Sagart2019
posterior-449,STATE_19960000,posterior.trees,,sample,bayesian,millennia,Sagart2019
posterior-450,STATE_91980000,posterior.trees,,sample,bayesian,millennia,Sagart2019
posterior-451,STATE_31080000,posterior.trees,,sample,bayesian,millennia,Sagart2019
posterior-452,STATE_33090000,posterior.trees,,sample,bayesian,millennia,Sagart2019
posterior-453,STATE_96470000,posterior.trees,,sample,bayesian,millennia,Sagart2019
posterior-454,STATE_42260000,posterior.trees,,sample,bayesian,millennia,Sagart2019
posterior-455,STATE_53920000,posterior.trees,,sample,bayesian,millennia,Sagart2019
posterior-456,STATE_44560000,posterior.trees,,sample,bayesian,millennia,Sagart2019
posterior-457,STATE_51810000,posterior.trees,,sample,bayesian,millennia,Sagart2019
posterior-458,STATE_68720000,posterior.trees,,sample,bayesian,millennia,Sagart2019
posterior-459,STATE_17720000,posterior.trees,,sample,bayesian,millennia,Sagart2019
posterior-460,STATE_23040000,posterior.trees,,sample,bayesian,millennia,Sagart2019
posterior-461,STATE_33150000,posterior.trees,,sample,bayesian,millennia,Sagart2019
posterior-462,STATE_48220000,posterior.trees,,sample,bayesian,millennia,Sagart2019
posterior-463,STATE_17310000,posterior.trees,,sample,bayesian,millennia,Sagart2019
posterior-464,STATE_32830000,posterior.trees,,sample,bayesian,millennia,Sagart2019
posterior-465,STATE_13220000,posterior.trees,,sample,bayesian,millennia,Sagart2019
posterior-466,STATE_15860000,posterior.trees,,sample,bayesian,millennia,Sagart2019
posterior-467,STATE_33580000,posterior.trees,,sample,bayesian,millennia,Sagart2019
posterior-468,STATE_71930000,posterior.trees,,sample,bayesian,millennia,Sagart2019
posterior-469,STATE_79520000,posterior.trees,,sample,bayesian,millennia,Sagart2019
posterior-470,STATE_78950000,posterior.trees,,sample,bayesian,millennia,Sagart2019
posterior-471,STATE_14030000,posterior.trees,,sample,bayesian,millennia,Sagart2019
posterior-472,STATE_38370000,posterior.trees,,sample,bayesian,millennia,Sagart2019
posterior-473,STATE_35290000,posterior.trees,,sample,bayesian,millennia,Sagart2019
posterior-474,STATE_93560000,posterior.trees,,sample,bayesian,millennia,Sagart2019
posterior-475,STATE_33630000,posterior.trees,,sample,bayesian,millennia,Sagart2019
posterior-476,STATE_90590000,posterior.trees,,sample,bayesian,millennia,Sagart2019
posterior-477,STATE_27160000,posterior.trees,,sample,bayesian,millennia,Sagart2019
posterior-478,STATE_68390000,posterior.trees,,sample,bayesian,millennia,Sagart2019
posterior-479,STATE_22260000,posterior.trees,,sample,bayesian,millennia,Sagart2019
posterior-480,STATE_35550000,posterior.trees,,sample,bayesian,millennia,Sagart2019
posterior-481,STATE_13670000,posterior.trees,,sample,bayesian,millennia,Sagart2019
posterior-482,STATE_21770000,posterior.trees,,sample,bayesian,millennia,Sagart2019
posterior-483,STATE_68050000,posterior.trees,,sample,bayesian,millennia,Sagart2019
posterior-484,STATE_31650000,posterior.trees,,sample,bayesian,millennia,Sagart2019
posterior-485,STATE_69120000,posterior.trees,,sample,bayesian,millennia,Sagart2019
posterior-486,STATE_66040000,posterior.trees,,sample,bayesian,millennia,Sagart2019
posterior-487,STATE_44710000,posterior.trees,,sample,bayesian,millennia,Sagart2019
posterior-488,STATE_58250000,posterior.trees,,sample,bayesian,millennia,Sagart2019
posterior-489,STATE_42080000,posterior.trees,,sample,bayesian,millennia,Sagart2019
posterior-490,STATE_98720000,posterior.trees,,sample,bayesian,millennia,Sagart2019
posterior-491,STATE_64310000,posterior.trees,,sample,bayesian,millennia,Sagart2019
posterior-492,STATE_76480000,posterior.trees,,sample,bayesian,millennia,Sagart2019
posterior-493,STATE_21580000,posterior.trees,,sample,bayesian,millennia,Sagart2019
posterior-494,STATE_64320000,posterior.trees,,sample,bayesian,millennia,Sagart2019
posterior-495,STATE_36620000,posterior.trees,,sample,bayesian,millennia,Sagart2019
posterior-496,STATE_51170000,posterior.trees,,sample,bayesian,millennia,Sagart2019
posterior-497,STATE_87410000,posterior.trees,,sample,bayesian,millennia,Sagart2019
posterior-498,STATE_37780000,posterior.trees,,sample,bayesian,millennia,Sagart2019
posterior-499,STATE_31620000,posterior.trees,,sample,bayesian,millennia,Sagart2019
posterior-500,STATE_73020000,posterior.trees,,sample,bayesian,millennia,Sagart2019
posterior-501,STATE_82800000,posterior.trees,,sample,bayesian,millennia,Sagart2019
posterior-502,STATE_34030000,posterior.trees,,sample,bayesian,millennia,Sagart2019
posterior-503,STATE_51970000,posterior.trees,,sample,bayesian,millennia,Sagart2019
posterior-504,STATE_32330000,posterior.trees,,sample,bayesian,millennia,Sagart2019
posterior-505,STATE_35310000,posterior.trees,,sample,bayesian,millennia,Sagart2019
posterior-506,STATE_51420000,posterior.trees,,sample,bayesian,millennia,Sagart2019
posterior-507,STATE_51880000,posterior.trees,,sample,bayesian,millennia,Sagart2019
posterior-508,STATE_57480000,posterior.trees,,sample,bayesian,millennia,Sagart2019
posterior-509,STATE_10370000,posterior.trees,,sample,bayesian,millennia,Sagart2019
posterior-510,STATE_94790000,posterior.trees,,sample,bayesian,millennia,Sagart2019
posterior-511,STATE_70380000,posterior.trees,,sample,bayesian,millennia,Sagart2019
posterior-512,STATE_75710000,posterior.trees,,sample,bayesian,millennia,Sagart2019
posterior-513,STATE_43150000,posterior.trees,,sample,bayesian,millennia,Sagart2019
posterior-514,STATE_71720000,posterior.trees,,sample,bayesian,millennia,Sagart2019
posterior-515,STATE_26520000,posterior.trees,,sample,bayesian,millennia,Sagart2019
posterior-516,STATE_27850000,posterior.trees,,sample,bayesian,millennia,Sagart2019
posterior-517,STATE_98350000,posterior.trees,,sample,bayesian,millennia,Sagart2019
posterior-518,STATE_37820000,posterior.trees,,sample,bayesian,millennia,Sagart2019
posterior-519,STATE_86000000,posterior.trees,,sample,bayesian,millennia,Sagart2019
posterior-520,STATE_92210000,posterior.trees,,sample,bayesian,millennia,Sagart2019
posterior-521,STATE_40260000,posterior.trees,,sample,bayesian,millennia,Sagart2019
posterior-522,STATE_22280000,posterior.trees,,sample,bayesian,millennia,Sagart2019
posterior-523,STATE_27860000,posterior.trees,,sample,bayesian,millennia,Sagart2019
posterior-524,STATE_27660000,posterior.trees,,sample,bayesian,millennia,Sagart2019
posterior-525,STATE_77540000,posterior.trees,,sample,bayesian,millennia,Sagart2019
posterior-526,STATE_34910000,posterior.trees,,sample,bayesian,millennia,Sagart2019
posterior-527,STATE_17440000,posterior.trees,,sample,bayesian,millennia,Sagart2019
posterior-528,STATE_76210000,posterior.trees,,sample,bayesian,millennia,Sagart2019
posterior-529,STATE_52280000,posterior.trees,,sample,bayesian,millennia,Sagart2019
posterior-530,STATE_56790000,posterior.trees,,sample,bayesian,millennia,Sagart2019
posterior-531,STATE_31680000,posterior.trees,,sample,bayesian,millennia,Sagart2019
posterior-532,STATE_95380000,posterior.trees,,sample,bayesian,millennia,Sagart2019
posterior-533,STATE_46890000,posterior.trees,,sample,bayesian,millennia,Sagart2019
posterior-534,STATE_38880000,posterior.trees,,sample,bayesian,millennia,Sagart2019
posterior-535,STATE_26040000,posterior.trees,,sample,bayesian,millennia,Sagart2019
posterior-536,STATE_34130000,posterior.trees,,sample,bayesian,millennia,Sagart2019
posterior-537,STATE_55620000,posterior.trees,,sample,bayesian,millennia,Sagart2019
posterior-538,STATE_49960000,posterior.trees,,sample,bayesian,millennia,Sagart2019
posterior-539,STATE_29610000,posterior.trees,,sample,bayesian,millennia,Sagart2019
posterior-540,STATE_61450000,posterior.trees,,sample,bayesian,millennia,Sagart2019
posterior-541,STATE_74890000,posterior.trees,,sample,bayesian,millennia,Sagart2019
posterior-542,STATE_53140000,posterior.trees,,sample,bayesian,millennia,Sagart2019
posterior-543,STATE_44970000,posterior.trees,,sample,bayesian,millennia,Sagart2019
posterior-544,STATE_71200000,posterior.trees,,sample,bayesian,millennia,Sagart2019
posterior-545,STATE_73980000,posterior.trees,,sample,bayesian,millennia,Sagart2019
posterior-546,STATE_60740000,posterior.trees,,sample,bayesian,millennia,Sagart2019
posterior-547,STATE_10850000,posterior.trees,,sample,bayesian,millennia,Sagart2019
posterior-548,STATE_57780000,posterior.trees,,sample,bayesian,millennia,Sagart2019
posterior-549,STATE_80980000,posterior.trees,,sample,bayesian,millennia,Sagart2019
posterior-550,STATE_83870000,posterior.trees,,sample,bayesian,millennia,Sagart2019
posterior-551,STATE_78560000,posterior.trees,,sample,bayesian,millennia,Sagart2019
posterior-552,STATE_89520000,posterior.trees,,sample,bayesian,millennia,Sagart2019
posterior-553,STATE_27220000,posterior.trees,,sample,bayesian,millennia,Sagart2019
posterior-554,STATE_87730000,posterior.trees,,sample,bayesian,millennia,Sagart2019
posterior-555,STATE_87750000,posterior.trees,,sample,bayesian,millennia,Sagart2019
posterior-556,STATE_46060000,posterior.trees,,sample,bayesian,millennia,Sagart2019
posterior-557,STATE_17540000,posterior.trees,,sample,bayesian,millennia,Sagart2019
posterior-558,STATE_67380000,posterior.trees,,sample,bayesian,millennia,Sagart2019
posterior-559,STATE_38610000,posterior.trees,,sample,bayesian,millennia,Sagart2019
posterior-560,STATE_93100000,posterior.trees,,sample,bayesian,millennia,Sagart2019
posterior-561,STATE_41070000,posterior.trees,,sample,bayesian,millennia,Sagart2019
posterior-562,STATE_45840000,posterior.trees,,sample,bayesian,millennia,Sagart2019
posterior-563,STATE_22610000,posterior.trees,,sample,bayesian,millennia,Sagart2019
posterior-564,STATE_44180000,posterior.trees,,sample,bayesian,millennia,Sagart2019
posterior-565,STATE_39070000,posterior.trees,,sample,bayesian,millennia,Sagart2019
posterior-566,STATE_38730000,posterior.trees,,sample,bayesian,millennia,Sagart2019
posterior-567,STATE_10760000,posterior.trees,,sample,bayesian,millennia,Sagart2019
posterior-568,STATE_26700000,posterior.trees,,sample,bayesian,millennia,Sagart2019
posterior-569,STATE_31130000,posterior.trees,,sample,bayesian,millennia,Sagart2019
posterior-570,STATE_12350000,posterior.trees,,sample,bayesian,millennia,Sagart2019
posterior-571,STATE_19610000,posterior.trees,,sample,bayesian,millennia,Sagart2019
posterior-572,STATE_52830000,posterior.trees,,sample,bayesian,millennia,Sagart2019
posterior-573,STATE_29990000,posterior.trees,,sample,bayesian,millennia,Sagart2019
posterior-574,STATE_97340000,posterior.trees,,sample,bayesian,millennia,Sagart2019
posterior-575,STATE_12120000,posterior.trees,,sample,bayesian,millennia,Sagart2019
posterior-576,STATE_88890000,posterior.trees,,sample,bayesian,millennia,Sagart2019
posterior-577,STATE_46820000,posterior.trees,,sample,bayesian,millennia,Sagart2019
posterior-578,STATE_65450000,posterior.trees,,sample,bayesian,millennia,Sagart2019
posterior-579,STATE_25260000,posterior.trees,,sample,bayesian,millennia,Sagart2019
posterior-580,STATE_14100000,posterior.trees,,sample,bayesian,millennia,Sagart2019
posterior-581,STATE_12130000,posterior.trees,,sample,bayesian,millennia,Sagart2019
posterior-582,STATE_77490000,posterior.trees,,sample,bayesian,millennia,Sagart2019
posterior-583,STATE_26340000,posterior.trees,,sample,bayesian,millennia,Sagart2019
posterior-584,STATE_60640000,posterior.trees,,sample,bayesian,millennia,Sagart2019
posterior-585,STATE_82680000,posterior.trees,,sample,bayesian,millennia,Sagart2019
posterior-586,STATE_21460000,posterior.trees,,sample,bayesian,millennia,Sagart2019
posterior-587,STATE_22030000,posterior.trees,,sample,bayesian,millennia,Sagart2019
posterior-588,STATE_72840000,posterior.trees,,sample,bayesian,millennia,Sagart2019
posterior-589,STATE_83920000,posterior.trees,,sample,bayesian,millennia,Sagart2019
posterior-590,STATE_63730000,posterior.trees,,sample,bayesian,millennia,Sagart2019
posterior-591,STATE_86930000,posterior.trees,,sample,bayesian,millennia,Sagart2019
posterior-592,STATE_33540000,posterior.trees,,sample,bayesian,millennia,Sagart2019
posterior-593,STATE_95770000,posterior.trees,,sample,bayesian,millennia,Sagart2019
posterior-594,STATE_71480000,posterior.trees,,sample,bayesian,millennia,Sagart2019
posterior-595,STATE_50710000,posterior.trees,,sample,bayesian,millennia,Sagart2019
posterior-596,STATE_77300000,posterior.trees,,sample,bayesian,millennia,Sagart2019
posterior-597,STATE_33610000,posterior.trees,,sample,bayesian,millennia,Sagart2019
posterior-598,STATE_80870000,posterior.trees,,sample,bayesian,millennia,Sagart2019
posterior-599,STATE_68510000,posterior.trees,,sample,bayesian,millennia,Sagart2019
posterior-600,STATE_46900000,posterior.trees,,sample,bayesian,millennia,Sagart2019
posterior-601,STATE_73920000,posterior.trees,,sample,bayesian,millennia,Sagart2019
posterior-602,STATE_85640000,posterior.trees,,sample,bayesian,millennia,Sagart2019
posterior-603,STATE_66330000,posterior.trees,,sample,bayesian,millennia,Sagart2019
posterior-604,STATE_29410000,posterior.trees,,sample,bayesian,millennia,Sagart2019
posterior-605,STATE_88310000,posterior.trees,,sample,bayesian,millennia,Sagart2019
posterior-606,STATE_54770000,posterior.trees,,sample,bayesian,millennia,Sagart2019
posterior-607,STATE_22430000,posterior.trees,,sample,bayesian,millennia,Sagart2019
posterior-608,STATE_96180000,posterior.trees,,sample,bayesian,millennia,Sagart2019
posterior-609,STATE_43170000,posterior.trees,,sample,bayesian,millennia,Sagart2019
posterior-610,STATE_14310000,posterior.trees,,sample,bayesian,millennia,Sagart2019
posterior-611,STATE_27040000,posterior.trees,,sample,bayesian,millennia,Sagart2019
posterior-612,STATE_75940000,posterior.trees,,sample,bayesian,millennia,Sagart2019
posterior-613,STATE_62990000,posterior.trees,,sample,bayesian,millennia,Sagart2019
posterior-614,STATE_91010000,posterior.trees,,sample,bayesian,millennia,Sagart2019
posterior-615,STATE_39860000,posterior.trees,,sample,bayesian,millennia,Sagart2019
posterior-616,STATE_49310000,posterior.trees,,sample,bayesian,millennia,Sagart2019
posterior-617,STATE_53930000,posterior.trees,,sample,bayesian,millennia,Sagart2019
posterior-618,STATE_80050000,posterior.trees,,sample,bayesian,millennia,Sagart2019
posterior-619,STATE_29930000,posterior.trees,,sample,bayesian,millennia,Sagart2019
posterior-620,STATE_37980000,posterior.trees,,sample,bayesian,millennia,Sagart2019
posterior-621,STATE_72490000,posterior.trees,,sample,bayesian,millennia,Sagart2019
posterior-622,STATE_48260000,posterior.trees,,sample,bayesian,millennia,Sagart2019
posterior-623,STATE_40840000,posterior.trees,,sample,bayesian,millennia,Sagart2019
posterior-624,STATE_76810000,posterior.trees,,sample,bayesian,millennia,Sagart2019
posterior-625,STATE_40780000,posterior.trees,,sample,bayesian,millennia,Sagart2019
posterior-626,STATE_83210000,posterior.trees,,sample,bayesian,millennia,Sagart2019
posterior-627,STATE_92310000,posterior.trees,,sample,bayesian,millennia,Sagart2019
posterior-628,STATE_64260000,posterior.trees,,sample,bayesian,millennia,Sagart2019
posterior-629,STATE_73870000,posterior.trees,,sample,bayesian,millennia,Sagart2019
posterior-630,STATE_78840000,posterior.trees,,sample,bayesian,millennia,Sagart2019
posterior-631,STATE_54680000,posterior.trees,,sample,bayesian,millennia,Sagart2019
posterior-632,STATE_76860000,posterior.trees,,sample,bayesian,millennia,Sagart2019
posterior-633,STATE_18830000,posterior.trees,,sample,bayesian,millennia,Sagart2019
posterior-634,STATE_40270000,posterior.trees,,sample,bayesian,millennia,Sagart2019
posterior-635,STATE_25890000,posterior.trees,,sample,bayesian,millennia,Sagart2019
posterior-636,STATE_70030000,posterior.trees,,sample,bayesian,millennia,Sagart2019
posterior-637,STATE_82580000,posterior.trees,,sample,bayesian,millennia,Sagart2019
posterior-638,STATE_11900000,posterior.trees,,sample,bayesian,millennia,Sagart2019
posterior-639,STATE_60380000,posterior.trees,,sample,bayesian,millennia,Sagart2019
posterior-640,STATE_18000000,posterior.trees,,sample,bayesian,millennia,Sagart2019
posterior-641,STATE_85610000,posterior.trees,,sample,bayesian,millennia,Sagart2019
posterior-642,STATE_99330000,posterior.trees,,sample,bayesian,millennia,Sagart2019
posterior-643,STATE_27030000,posterior.trees,,sample,bayesian,millennia,Sagart2019
posterior-644,STATE_94850000,posterior.trees,,sample,bayesian,millennia,Sagart2019
posterior-645,STATE_83230000,posterior.trees,,sample,bayesian,millennia,Sagart2019
posterior-646,STATE_81170000,posterior.trees,,sample,bayesian,millennia,Sagart2019
posterior-647,STATE_31530000,posterior.trees,,sample,bayesian,millennia,Sagart2019
posterior-648,STATE_16850000,posterior.trees,,sample,bayesian,millennia,Sagart2019
posterior-649,STATE_24000000,posterior.trees,,sample,bayesian,millennia,Sagart2019
posterior-650,STATE_37100000,posterior.trees,,sample,bayesian,millennia,Sagart2019
posterior-651,STATE_35340000,posterior.trees,,sample,bayesian,millennia,Sagart2019
posterior-652,STATE_81890000,posterior.trees,,sample,bayesian,millennia,Sagart2019
posterior-653,STATE_81820000,posterior.trees,,sample,bayesian,millennia,Sagart2019
posterior-654,STATE_14490000,posterior.trees,,sample,bayesian,millennia,Sagart2019
posterior-655,STATE_62130000,posterior.trees,,sample,bayesian,millennia,Sagart2019
posterior-656,STATE_63530000,posterior.trees,,sample,bayesian,millennia,Sagart2019
posterior-657,STATE_66270000,posterior.trees,,sample,bayesian,millennia,Sagart2019
posterior-658,STATE_77710000,posterior.trees,,sample,bayesian,millennia,Sagart2019
posterior-659,STATE_99590000,posterior.trees,,sample,bayesian,millennia,Sagart2019
posterior-660,STATE_90040000,posterior.trees,,sample,bayesian,millennia,Sagart2019
posterior-661,STATE_53260000,posterior.trees,,sample,bayesian,millennia,Sagart2019
posterior-662,STATE_62940000,posterior.trees,,sample,bayesian,millennia,Sagart2019
posterior-663,STATE_79460000,posterior.trees,,sample,bayesian,millennia,Sagart2019
posterior-664,STATE_23060000,posterior.trees,,sample,bayesian,millennia,Sagart2019
posterior-665,STATE_50730000,posterior.trees,,sample,bayesian,millennia,Sagart2019
posterior-666,STATE_90110000,posterior.trees,,sample,bayesian,millennia,Sagart2019
posterior-667,STATE_88960000,posterior.trees,,sample,bayesian,millennia,Sagart2019
posterior-668,STATE_97770000,posterior.trees,,sample,bayesian,millennia,Sagart2019
posterior-669,STATE_24580000,posterior.trees,,sample,bayesian,millennia,Sagart2019
posterior-670,STATE_54040000,posterior.trees,,sample,bayesian,millennia,Sagart2019
posterior-671,STATE_99100000,posterior.trees,,sample,bayesian,millennia,Sagart2019
posterior-672,STATE_62450000,posterior.trees,,sample,bayesian,millennia,Sagart2019
posterior-673,STATE_89070000,posterior.trees,,sample,bayesian,millennia,Sagart2019
posterior-674,STATE_66760000,posterior.trees,,sample,bayesian,millennia,Sagart2019
posterior-675,STATE_60760000,posterior.trees,,sample,bayesian,millennia,Sagart2019
posterior-676,STATE_97090000,posterior.trees,,sample,bayesian,millennia,Sagart2019
posterior-677,STATE_67840000,posterior.trees,,sample,bayesian,millennia,Sagart2019
posterior-678,STATE_39810000,posterior.trees,,sample,bayesian,millennia,Sagart2019
posterior-679,STATE_65490000,posterior.trees,,sample,bayesian,millennia,Sagart2019
posterior-680,STATE_22220000,posterior.trees,,sample,bayesian,millennia,Sagart2019
posterior-681,STATE_26740000,posterior.trees,,sample,bayesian,millennia,Sagart2019
posterior-682,STATE_85060000,posterior.trees,,sample,bayesian,millennia,Sagart2019
posterior-683,STATE_85290000,posterior.trees,,sample,bayesian,millennia,Sagart2019
posterior-684,STATE_79970000,posterior.trees,,sample,bayesian,millennia,Sagart2019
posterior-685,STATE_46570000,posterior.trees,,sample,bayesian,millennia,Sagart2019
posterior-686,STATE_49710000,posterior.trees,,sample,bayesian,millennia,Sagart2019
posterior-687,STATE_67860000,posterior.trees,,sample,bayesian,millennia,Sagart2019
posterior-688,STATE_85250000,posterior.trees,,sample,bayesian,millennia,Sagart2019
posterior-689,STATE_81390000,posterior.trees,,sample,bayesian,millennia,Sagart2019
posterior-690,STATE_76660000,posterior.trees,,sample,bayesian,millennia,Sagart2019
posterior-691,STATE_96040000,posterior.trees,,sample,bayesian,millennia,Sagart2019
posterior-692,STATE_25920000,posterior.trees,,sample,bayesian,millennia,Sagart2019
posterior-693,STATE_14010000,posterior.trees,,sample,bayesian,millennia,Sagart2019
posterior-694,STATE_67780000,posterior.trees,,sample,bayesian,millennia,Sagart2019
posterior-695,STATE_81720000,posterior.trees,,sample,bayesian,millennia,Sagart2019
posterior-696,STATE_13680000,posterior.trees,,sample,bayesian,millennia,Sagart2019
posterior-697,STATE_49780000,posterior.trees,,sample,bayesian,millennia,Sagart2019
posterior-698,STATE_16170000,posterior.trees,,sample,bayesian,millennia,Sagart2019
posterior-699,STATE_33450000,posterior.trees,,sample,bayesian,millennia,Sagart2019
posterior-700,STATE_71150000,posterior.trees,,sample,bayesian,millennia,Sagart2019
posterior-701,STATE_10030000,posterior.trees,,sample,bayesian,millennia,Sagart2019
posterior-702,STATE_41980000,posterior.trees,,sample,bayesian,millennia,Sagart2019
posterior-703,STATE_14240000,posterior.trees,,sample,bayesian,millennia,Sagart2019
posterior-704,STATE_57640000,posterior.trees,,sample,bayesian,millennia,Sagart2019
posterior-705,STATE_74930000,posterior.trees,,sample,bayesian,millennia,Sagart2019
posterior-706,STATE_92120000,posterior.trees,,sample,bayesian,millennia,Sagart2019
posterior-707,STATE_39520000,posterior.trees,,sample,bayesian,millennia,Sagart2019
posterior-708,STATE_42890000,posterior.trees,,sample,bayesian,millennia,Sagart2019
posterior-709,STATE_64290000,posterior.trees,,sample,bayesian,millennia,Sagart2019
posterior-710,STATE_62030000,posterior.trees,,sample,bayesian,millennia,Sagart2019
posterior-711,STATE_65920000,posterior.trees,,sample,bayesian,millennia,Sagart2019
posterior-712,STATE_79180000,posterior.trees,,sample,bayesian,millennia,Sagart2019
posterior-713,STATE_50110000,posterior.trees,,sample,bayesian,millennia,Sagart2019
posterior-714,STATE_41670000,posterior.trees,,sample,bayesian,millennia,Sagart2019
posterior-715,STATE_86490000,posterior.trees,,sample,bayesian,millennia,Sagart2019
posterior-716,STATE_10380000,posterior.trees,,sample,bayesian,millennia,Sagart2019
posterior-717,STATE_48200000,posterior.trees,,sample,bayesian,millennia,Sagart2019
posterior-718,STATE_47470000,posterior.trees,,sample,bayesian,millennia,Sagart2019
posterior-719,STATE_47970000,posterior.trees,,sample,bayesian,millennia,Sagart2019
posterior-720,STATE_82640000,posterior.trees,,sample,bayesian,millennia,Sagart2019
posterior-721,STATE_38920000,posterior.trees,,sample,bayesian,millennia,Sagart2019
posterior-722,STATE_16710000,posterior.trees,,sample,bayesian,millennia,Sagart2019
posterior-723,STATE_86430000,posterior.trees,,sample,bayesian,millennia,Sagart2019
posterior-724,STATE_32720000,posterior.trees,,sample,bayesian,millennia,Sagart2019
posterior-725,STATE_32250000,posterior.trees,,sample,bayesian,millennia,Sagart2019
posterior-726,STATE_94640000,posterior.trees,,sample,bayesian,millennia,Sagart2019
posterior-727,STATE_67770000,posterior.trees,,sample,bayesian,millennia,Sagart2019
posterior-728,STATE_47220000,posterior.trees,,sample,bayesian,millennia,Sagart2019
posterior-729,STATE_62780000,posterior.trees,,sample,bayesian,millennia,Sagart2019
posterior-730,STATE_14840000,posterior.trees,,sample,bayesian,millennia,Sagart2019
posterior-731,STATE_26130000,posterior.trees,,sample,bayesian,millennia,Sagart2019
posterior-732,STATE_35970000,posterior.trees,,sample,bayesian,millennia,Sagart2019
posterior-733,STATE_31970000,posterior.trees,,sample,bayesian,millennia,Sagart2019
posterior-734,STATE_30080000,posterior.trees,,sample,bayesian,millennia,Sagart2019
posterior-735,STATE_29700000,posterior.trees,,sample,bayesian,millennia,Sagart2019
posterior-736,STATE_81200000,posterior.trees,,sample,bayesian,millennia,Sagart2019
posterior-737,STATE_64410000,posterior.trees,,sample,bayesian,millennia,Sagart2019
posterior-738,STATE_67180000,posterior.trees,,sample,bayesian,millennia,Sagart2019
posterior-739,STATE_44530000,posterior.trees,,sample,bayesian,millennia,Sagart2019
posterior-740,STATE_73170000,posterior.trees,,sample,bayesian,millennia,Sagart2019
posterior-741,STATE_24080000,posterior.trees,,sample,bayesian,millennia,Sagart2019
posterior-742,STATE_79870000,posterior.trees,,sample,bayesian,millennia,Sagart2019
posterior-743,STATE_42380000,posterior.trees,,sample,bayesian,millennia,Sagart2019
posterior-744,STATE_82830000,posterior.trees,,sample,bayesian,millennia,Sagart2019
posterior-745,STATE_43950000,posterior.trees,,sample,bayesian,millennia,Sagart2019
posterior-746,STATE_29150000,posterior.trees,,sample,bayesian,millennia,Sagart2019
posterior-747,STATE_36150000,posterior.trees,,sample,bayesian,millennia,Sagart2019
posterior-748,STATE_70950000,posterior.trees,,sample,bayesian,millennia,Sagart2019
posterior-749,STATE_28290000,posterior.trees,,sample,bayesian,millennia,Sagart2019
posterior-750,STATE_30360000,posterior.trees,,sample,bayesian,millennia,Sagart2019
posterior-751,STATE_33360000,posterior.trees,,sample,bayesian,millennia,Sagart2019
posterior-752,STATE_65810000,posterior.trees,,sample,bayesian,millennia,Sagart2019
posterior-753,STATE_46430000,posterior.trees,,sample,bayesian,millennia,Sagart2019
posterior-754,STATE_92930000,posterior.trees,,sample,bayesian,millennia,Sagart2019
posterior-755,STATE_88320000,posterior.trees,,sample,bayesian,millennia,Sagart2019
posterior-756,STATE_14810000,posterior.trees,,sample,bayesian,millennia,Sagart2019
posterior-757,STATE_53470000,posterior.trees,,sample,bayesian,millennia,Sagart2019
posterior-758,STATE_55560000,posterior.trees,,sample,bayesian,millennia,Sagart2019
posterior-759,STATE_89810000,posterior.trees,,sample,bayesian,millennia,Sagart2019
posterior-760,STATE_64490000,posterior.trees,,sample,bayesian,millennia,Sagart2019
posterior-761,STATE_10050000,posterior.trees,,sample,bayesian,millennia,Sagart2019
posterior-762,STATE_63750000,posterior.trees,,sample,bayesian,millennia,Sagart2019
posterior-763,STATE_92890000,posterior.trees,,sample,bayesian,millennia,Sagart2019
posterior-764,STATE_14270000,posterior.trees,,sample,bayesian,millennia,Sagart2019
posterior-765,STATE_69920000,posterior.trees,,sample,bayesian,millennia,Sagart2019
posterior-766,STATE_49800000,posterior.trees,,sample,bayesian,millennia,Sagart2019
posterior-767,STATE_13630000,posterior.trees,,sample,bayesian,millennia,Sagart2019
posterior-768,STATE_20310000,posterior.trees,,sample,bayesian,millennia,Sagart2019
posterior-769,STATE_38200000,posterior.trees,,sample,bayesian,millennia,Sagart2019
posterior-770,STATE_69290000,posterior.trees,,sample,bayesian,millennia,Sagart2019
posterior-771,STATE_57900000,posterior.trees,,sample,bayesian,millennia,Sagart2019
posterior-772,STATE_83510000,posterior.trees,,sample,bayesian,millennia,Sagart2019
posterior-773,STATE_85830000,posterior.trees,,sample,bayesian,millennia,Sagart2019
posterior-774,STATE_15240000,posterior.trees,,sample,bayesian,millennia,Sagart2019
posterior-775,STATE_16010000,posterior.trees,,sample,bayesian,millennia,Sagart2019
posterior-776,STATE_94870000,posterior.trees,,sample,bayesian,millennia,Sagart2019
posterior-777,STATE_21540000,posterior.trees,,sample,bayesian,millennia,Sagart2019
posterior-778,STATE_25100000,posterior.trees,,sample,bayesian,millennia,Sagart2019
posterior-779,STATE_62550000,posterior.trees,,sample,bayesian,millennia,Sagart2019
posterior-780,STATE_45830000,posterior.trees,,sample,bayesian,millennia,Sagart2019
posterior-781,STATE_79750000,posterior.trees,,sample,bayesian,millennia,Sagart2019
posterior-782,STATE_63170000,posterior.trees,,sample,bayesian,millennia,Sagart2019
posterior-783,STATE_94750000,posterior.trees,,sample,bayesian,millennia,Sagart2019
posterior-784,STATE_12590000,posterior.trees,,sample,bayesian,millennia,Sagart2019
posterior-785,STATE_27690000,posterior.trees,,sample,bayesian,millennia,Sagart2019
posterior-786,STATE_42920000,posterior.trees,,sample,bayesian,millennia,Sagart2019
posterior-787,STATE_59460000,posterior.trees,,sample,bayesian,millennia,Sagart2019
posterior-788,STATE_32440000,posterior.trees,,sample,bayesian,millennia,Sagart2019
posterior-789,STATE_31890000,posterior.trees,,sample,bayesian,millennia,Sagart2019
posterior-790,STATE_78880000,posterior.trees,,sample,bayesian,millennia,Sagart2019
posterior-791,STATE_86790000,posterior.trees,,sample,bayesian,millennia,Sagart2019
posterior-792,STATE_64030000,posterior.trees,,sample,bayesian,millennia,Sagart2019
posterior-793,STATE_36940000,posterior.trees,,sample,bayesian,millennia,Sagart2019
posterior-794,STATE_78650000,posterior.trees,,sample,bayesian,millennia,Sagart2019
posterior-795,STATE_70600000,posterior.trees,,sample,bayesian,millennia,Sagart2019
posterior-796,STATE_31590000,posterior.trees,,sample,bayesian,millennia,Sagart2019
posterior-797,STATE_46850000,posterior.trees,,sample,bayesian,millennia,Sagart2019
posterior-798,STATE_80210000,posterior.trees,,sample,bayesian,millennia,Sagart2019
posterior-799,STATE_50900000,posterior.trees,,sample,bayesian,millennia,Sagart2019
posterior-800,STATE_80400000,posterior.trees,,sample,bayesian,millennia,Sagart2019
posterior-801,STATE_23780000,posterior.trees,,sample,bayesian,millennia,Sagart2019
posterior-802,STATE_50440000,posterior.trees,,sample,bayesian,millennia,Sagart2019
posterior-803,STATE_77780000,posterior.trees,,sample,bayesian,millennia,Sagart2019
posterior-804,STATE_40100000,posterior.trees,,sample,bayesian,millennia,Sagart2019
posterior-805,STATE_98820000,posterior.trees,,sample,bayesian,millennia,Sagart2019
posterior-806,STATE_93910000,posterior.trees,,sample,bayesian,millennia,Sagart2019
posterior-807,STATE_11590000,posterior.trees,,sample,bayesian,millennia,Sagart2019
posterior-808,STATE_65600000,posterior.trees,,sample,bayesian,millennia,Sagart2019
posterior-809,STATE_55050000,posterior.trees,,sample,bayesian,millennia,Sagart2019
posterior-810,STATE_89420000,posterior.trees,,sample,bayesian,millennia,Sagart2019
posterior-811,STATE_11960000,posterior.trees,,sample,bayesian,millennia,Sagart2019
posterior-812,STATE_61280000,posterior.trees,,sample,bayesian,millennia,Sagart2019
posterior-813,STATE_80110000,posterior.trees,,sample,bayesian,millennia,Sagart2019
posterior-814,STATE_52130000,posterior.trees,,sample,bayesian,millennia,Sagart2019
posterior-815,STATE_89240000,posterior.trees,,sample,bayesian,millennia,Sagart2019
posterior-816,STATE_27820000,posterior.trees,,sample,bayesian,millennia,Sagart2019
posterior-817,STATE_51870000,posterior.trees,,sample,bayesian,millennia,Sagart2019
posterior-818,STATE_65270000,posterior.trees,,sample,bayesian,millennia,Sagart2019
posterior-819,STATE_45310000,posterior.trees,,sample,bayesian,millennia,Sagart2019
posterior-820,STATE_99430000,posterior.trees,,sample,bayesian,millennia,Sagart2019
posterior-821,STATE_11200000,posterior.trees,,sample,bayesian,millennia,Sagart2019
posterior-822,STATE_11480000,posterior.trees,,sample,bayesian,millennia,Sagart2019
posterior-823,STATE_32020000,posterior.trees,,sample,bayesian,millennia,Sagart2019
posterior-824,STATE_60450000,posterior.trees,,sample,bayesian,millennia,Sagart2019
posterior-825,STATE_75960000,posterior.trees,,sample,bayesian,millennia,Sagart2019
posterior-826,STATE_93270000,posterior.trees,,sample,bayesian,millennia,Sagart2019
posterior-827,STATE_84220000,posterior.trees,,sample,bayesian,millennia,Sagart2019
posterior-828,STATE_23850000,posterior.trees,,sample,bayesian,millennia,Sagart2019
posterior-829,STATE_68760000,posterior.trees,,sample,bayesian,millennia,Sagart2019
posterior-830,STATE_72340000,posterior.trees,,sample,bayesian,millennia,Sagart2019
posterior-831,STATE_27980000,posterior.trees,,sample,bayesian,millennia,Sagart2019
posterior-832,STATE_78900000,posterior.trees,,sample,bayesian,millennia,Sagart2019
posterior-833,STATE_22380000,posterior.trees,,sample,bayesian,millennia,Sagart2019
posterior-834,STATE_27770000,posterior.trees,,sample,bayesian,millennia,Sagart2019
posterior-835,STATE_37480000,posterior.trees,,sample,bayesian,millennia,Sagart2019
posterior-836,STATE_15870000,posterior.trees,,sample,bayesian,millennia,Sagart2019
posterior-837,STATE_36780000,posterior.trees,,sample,bayesian,millennia,Sagart2019
posterior-838,STATE_61430000,posterior.trees,,sample,bayesian,millennia,Sagart2019
posterior-839,STATE_19330000,posterior.trees,,sample,bayesian,millennia,Sagart2019
posterior-840,STATE_42430000,posterior.trees,,sample,bayesian,millennia,Sagart2019
posterior-841,STATE_93210000,posterior.trees,,sample,bayesian,millennia,Sagart2019
posterior-842,STATE_44610000,posterior.trees,,sample,bayesian,millennia,Sagart2019
posterior-843,STATE_28070000,posterior.trees,,sample,bayesian,millennia,Sagart2019
posterior-844,STATE_75550000,posterior.trees,,sample,bayesian,millennia,Sagart2019
posterior-845,STATE_70540000,posterior.trees,,sample,bayesian,millennia,Sagart2019
posterior-846,STATE_72110000,posterior.trees,,sample,bayesian,millennia,Sagart2019
posterior-847,STATE_56460000,posterior.trees,,sample,bayesian,millennia,Sagart2019
posterior-848,STATE_21850000,posterior.trees,,sample,bayesian,millennia,Sagart2019
posterior-849,STATE_14060000,posterior.trees,,sample,bayesian,millennia,Sagart2019
posterior-850,STATE_84640000,posterior.trees,,sample,bayesian,millennia,Sagart2019
posterior-851,STATE_26430000,posterior.trees,,sample,bayesian,millennia,Sagart2019
posterior-852,STATE_60300000,posterior.trees,,sample,bayesian,millennia,Sagart2019
posterior-853,STATE_10270000,posterior.trees,,sample,bayesian,millennia,Sagart2019
posterior-854,STATE_42480000,posterior.trees,,sample,bayesian,millennia,Sagart2019
posterior-855,STATE_55350000,posterior.trees,,sample,bayesian,millennia,Sagart2019
posterior-856,STATE_71380000,posterior.trees,,sample,bayesian,millennia,Sagart2019
posterior-857,STATE_14880000,posterior.trees,,sample,bayesian,millennia,Sagart2019
posterior-858,STATE_53780000,posterior.trees,,sample,bayesian,millennia,Sagart2019
posterior-859,STATE_69320000,posterior.trees,,sample,bayesian,millennia,Sagart2019
posterior-860,STATE_11030000,posterior.trees,,sample,bayesian,millennia,Sagart2019
posterior-861,STATE_82660000,posterior.trees,,sample,bayesian,millennia,Sagart2019
posterior-862,STATE_79130000,posterior.trees,,sample,bayesian,millennia,Sagart2019
posterior-863,STATE_94140000,posterior.trees,,sample,bayesian,millennia,Sagart2019
posterior-864,STATE_89350000,posterior.trees,,sample,bayesian,millennia,Sagart2019
posterior-865,STATE_11950000,posterior.trees,,sample,bayesian,millennia,Sagart2019
posterior-866,STATE_93870000,posterior.trees,,sample,bayesian,millennia,Sagart2019
posterior-867,STATE_28860000,posterior.trees,,sample,bayesian,millennia,Sagart2019
posterior-868,STATE_21590000,posterior.trees,,sample,bayesian,millennia,Sagart2019
posterior-869,STATE_96150000,posterior.trees,,sample,bayesian,millennia,Sagart2019
posterior-870,STATE_25510000,posterior.trees,,sample,bayesian,millennia,Sagart2019
posterior-871,STATE_74940000,posterior.trees,,sample,bayesian,millennia,Sagart2019
posterior-872,STATE_56240000,posterior.trees,,sample,bayesian,millennia,Sagart2019
posterior-873,STATE_26780000,posterior.trees,,sample,bayesian,millennia,Sagart2019
posterior-874,STATE_81350000,posterior.trees,,sample,bayesian,millennia,Sagart2019
posterior-875,STATE_25220000,posterior.trees,,sample,bayesian,millennia,Sagart2019
posterior-876,STATE_66560000,posterior.trees,,sample,bayesian,millennia,Sagart2019
posterior-877,STATE_21280000,posterior.trees,,sample,bayesian,millennia,Sagart2019
posterior-878,STATE_63890000,posterior.trees,,sample,bayesian,millennia,Sagart2019
posterior-879,STATE_98200000,posterior.trees,,sample,bayesian,millennia,Sagart2019
posterior-880,STATE_10580000,posterior.trees,,sample,bayesian,millennia,Sagart2019
posterior-881,STATE_95490000,posterior.trees,,sample,bayesian,millennia,Sagart2019
posterior-882,STATE_65160000,posterior.trees,,sample,bayesian,millennia,Sagart2019
posterior-883,STATE_13190000,posterior.trees,,sample,bayesian,millennia,Sagart2019
posterior-884,STATE_42220000,posterior.trees,,sample,bayesian,millennia,Sagart2019
posterior-885,STATE_97420000,posterior.trees,,sample,bayesian,millennia,Sagart2019
posterior-886,STATE_24960000,posterior.trees,,sample,bayesian,millennia,Sagart2019
posterior-887,STATE_61710000,posterior.trees,,sample,bayesian,millennia,Sagart2019
posterior-888,STATE_99660000,posterior.trees,,sample,bayesian,millennia,Sagart2019
posterior-889,STATE_53660000,posterior.trees,,sample,bayesian,millennia,Sagart2019
posterior-890,STATE_64460000,posterior.trees,,sample,bayesian,millennia,Sagart2019
posterior-891,STATE_59120000,posterior.trees,,sample,bayesian,millennia,Sagart2019
posterior-892,STATE_11270000,posterior.trees,,sample,bayesian,millennia,Sagart2019
posterior-893,STATE_89540000,posterior.trees,,sample,bayesian,millennia,Sagart2019
posterior-894,STATE_39880000,posterior.trees,,sample,bayesian,millennia,Sagart2019
posterior-895,STATE_18030000,posterior.trees,,sample,bayesian,millennia,Sagart2019
posterior-896,STATE_73210000,posterior.trees,,sample,bayesian,millennia,Sagart2019
posterior-897,STATE_57250000,posterior.trees,,sample,bayesian,millennia,Sagart2019
posterior-898,STATE_39780000,posterior.trees,,sample,bayesian,millennia,Sagart2019
posterior-899,STATE_24210000,posterior.trees,,sample,bayesian,millennia,Sagart2019
posterior-900,STATE_24320000,posterior.trees,,sample,bayesian,millennia,Sagart2019
posterior-901,STATE_49110000,posterior.trees,,sample,bayesian,millennia,Sagart2019
posterior-902,STATE_95460000,posterior.trees,,sample,bayesian,millennia,Sagart2019
posterior-903,STATE_54240000,posterior.trees,,sample,bayesian,millennia,Sagart2019
posterior-904,STATE_74480000,posterior.trees,,sample,bayesian,millennia,Sagart2019
posterior-905,STATE_11780000,posterior.trees,,sample,bayesian,millennia,Sagart2019
posterior-906,STATE_73220000,posterior.trees,,sample,bayesian,millennia,Sagart2019
posterior-907,STATE_92240000,posterior.trees,,sample,bayesian,millennia,Sagart2019
posterior-908,STATE_56400000,posterior.trees,,sample,bayesian,millennia,Sagart2019
posterior-909,STATE_22080000,posterior.trees,,sample,bayesian,millennia,Sagart2019
posterior-910,STATE_18580000,posterior.trees,,sample,bayesian,millennia,Sagart2019
posterior-911,STATE_25450000,posterior.trees,,sample,bayesian,millennia,Sagart2019
posterior-912,STATE_28830000,posterior.trees,,sample,bayesian,millennia,Sagart2019
posterior-913,STATE_23800000,posterior.trees,,sample,bayesian,millennia,Sagart2019
posterior-914,STATE_34740000,posterior.trees,,sample,bayesian,millennia,Sagart2019
posterior-915,STATE_10290000,posterior.trees,,sample,bayesian,millennia,Sagart2019
posterior-916,STATE_50520000,posterior.trees,,sample,bayesian,millennia,Sagart2019
posterior-917,STATE_42490000,posterior.trees,,sample,bayesian,millennia,Sagart2019
posterior-918,STATE_40320000,posterior.trees,,sample,bayesian,millennia,Sagart2019
posterior-919,STATE_62310000,posterior.trees,,sample,bayesian,millennia,Sagart2019
posterior-920,STATE_22120000,posterior.trees,,sample,bayesian,millennia,Sagart2019
posterior-921,STATE_48890000,posterior.trees,,sample,bayesian,millennia,Sagart2019
posterior-922,STATE_13390000,posterior.trees,,sample,bayesian,millennia,Sagart2019
posterior-923,STATE_72690000,posterior.trees,,sample,bayesian,millennia,Sagart2019
posterior-924,STATE_68540000,posterior.trees,,sample,bayesian,millennia,Sagart2019
posterior-925,STATE_22850000,posterior.trees,,sample,bayesian,millennia,Sagart2019
posterior-926,STATE_86100000,posterior.trees,,sample,bayesian,millennia,Sagart2019
posterior-927,STATE_42210000,posterior.trees,,sample,bayesian,millennia,Sagart2019
posterior-928,STATE_53050000,posterior.trees,,sample,bayesian,millennia,Sagart2019
posterior-929,STATE_87110000,posterior.trees,,sample,bayesian,millennia,Sagart2019
posterior-930,STATE_43920000,posterior.trees,,sample,bayesian,millennia,Sagart2019
posterior-931,STATE_79210000,posterior.trees,,sample,bayesian,millennia,Sagart2019
posterior-932,STATE_30210000,posterior.trees,,sample,bayesian,millennia,Sagart2019
posterior-933,STATE_43000000,posterior.trees,,sample,bayesian,millennia,Sagart2019
posterior-934,STATE_79480000,posterior.trees,,sample,bayesian,millennia,Sagart2019
posterior-935,STATE_82710000,posterior.trees,,sample,bayesian,millennia,Sagart2019
posterior-936,STATE_60930000,posterior.trees,,sample,bayesian,millennia,Sagart2019
posterior-937,STATE_86020000,posterior.trees,,sample,bayesian,millennia,Sagart2019
posterior-938,STATE_50050000,posterior.trees,,sample,bayesian,millennia,Sagart2019
posterior-939,STATE_76390000,posterior.trees,,sample,bayesian,millennia,Sagart2019
posterior-940,STATE_70010000,posterior.trees,,sample,bayesian,millennia,Sagart2019
posterior-941,STATE_94560000,posterior.trees,,sample,bayesian,millennia,Sagart2019
posterior-942,STATE_51620000,posterior.trees,,sample,bayesian,millennia,Sagart2019
posterior-943,STATE_74420000,posterior.trees,,sample,bayesian,millennia,Sagart2019
posterior-944,STATE_78440000,posterior.trees,,sample,bayesian,millennia,Sagart2019
posterior-945,STATE_24870000,posterior.trees,,sample,bayesian,millennia,Sagart2019
posterior-946,STATE_11700000,posterior.trees,,sample,bayesian,millennia,Sagart2019
posterior-947,STATE_64350000,posterior.trees,,sample,bayesian,millennia,Sagart2019
posterior-948,STATE_28840000,posterior.trees,,sample,bayesian,millennia,Sagart2019
posterior-949,STATE_51320000,posterior.trees,,sample,bayesian,millennia,Sagart2019
posterior-950,STATE_54550000,posterior.trees,,sample,bayesian,millennia,Sagart2019
posterior-951,STATE_32380000,posterior.trees,,sample,bayesian,millennia,Sagart2019
posterior-952,STATE_92770000,posterior.trees,,sample,bayesian,millennia,Sagart2019
posterior-953,STATE_80350000,posterior.trees,,sample,bayesian,millennia,Sagart2019
posterior-954,STATE_84370000,posterior.trees,,sample,bayesian,millennia,Sagart2019
posterior-955,STATE_52820000,posterior.trees,,sample,bayesian,millennia,Sagart2019
posterior-956,STATE_24270000,posterior.trees,,sample,bayesian,millennia,Sagart2019
posterior-957,STATE_73470000,posterior.trees,,sample,bayesian,millennia,Sagart2019
posterior-958,STATE_52340000,posterior.trees,,sample,bayesian,millennia,Sagart2019
posterior-959,STATE_52080000,posterior.trees,,sample,bayesian,millennia,Sagart2019
posterior-960,STATE_76750000,posterior.trees,,sample,bayesian,millennia,Sagart2019
posterior-961,STATE_13210000,posterior.trees,,sample,bayesian,millennia,Sagart2019
posterior-962,STATE_97390000,posterior.trees,,sample,bayesian,millennia,Sagart2019
posterior-963,STATE_96860000,posterior.trees,,sample,bayesian,millennia,Sagart2019
posterior-964,STATE_62660000,posterior.trees,,sample,bayesian,millennia,Sagart2019
posterior-965,STATE_57260000,posterior.trees,,sample,bayesian,millennia,Sagart2019
posterior-966,STATE_36080000,posterior.trees,,sample,bayesian,millennia,Sagart2019
posterior-967,STATE_64840000,posterior.trees,,sample,bayesian,millennia,Sagart2019
posterior-968,STATE_37670000,posterior.trees,,sample,bayesian,millennia,Sagart2019
posterior-969,STATE_49260000,posterior.trees,,sample,bayesian,millennia,Sagart2019
posterior-970,STATE_36050000,posterior.trees,,sample,bayesian,millennia,Sagart2019
posterior-971,STATE_69750000,posterior.trees,,sample,bayesian,millennia,Sagart2019
posterior-972,STATE_29210000,posterior.trees,,sample,bayesian,millennia,Sagart2019
posterior-973,STATE_68940000,posterior.trees,,sample,bayesian,millennia,Sagart2019
posterior-974,STATE_41130000,posterior.trees,,sample,bayesian,millennia,Sagart2019
posterior-975,STATE_50760000,posterior.trees,,sample,bayesian,millennia,Sagart2019
posterior-976,STATE_77320000,posterior.trees,,sample,bayesian,millennia,Sagart2019
posterior-977,STATE_19530000,posterior.trees,,sample,bayesian,millennia,Sagart2019
posterior-978,STATE_82590000,posterior.trees,,sample,bayesian,millennia,Sagart2019
posterior-979,STATE_68850000,posterior.trees,,sample,bayesian,millennia,Sagart2019
posterior-980,STATE_22320000,posterior.trees,,sample,bayesian,millennia,Sagart2019
posterior-981,STATE_14450000,posterior.trees,,sample,bayesian,millennia,Sagart2019
posterior-982,STATE_91430000,posterior.trees,,sample,bayesian,millennia,Sagart2019
posterior-983,STATE_89410000,posterior.trees,,sample,bayesian,millennia,Sagart2019
posterior-984,STATE_23900000,posterior.trees,,sample,bayesian,millennia,Sagart2019
posterior-985,STATE_36220000,posterior.trees,,sample,bayesian,millennia,Sagart2019
posterior-986,STATE_59700000,posterior.trees,,sample,bayesian,millennia,Sagart2019
posterior-987,STATE_41520000,posterior.trees,,sample,bayesian,millennia,Sagart2019
posterior-988,STATE_97790000,posterior.trees,,sample,bayesian,millennia,Sagart2019
posterior-989,STATE_58710000,posterior.trees,,sample,bayesian,millennia,Sagart2019
posterior-990,STATE_46170000,posterior.trees,,sample,bayesian,millennia,Sagart2019
posterior-991,STATE_59560000,posterior.trees,,sample,bayesian,millennia,Sagart2019
posterior-992,STATE_30690000,posterior.trees,,sample,bayesian,millennia,Sagart2019
posterior-993,STATE_98260000,posterior.trees,,sample,bayesian,millennia,Sagart2019
posterior-994,STATE_35520000,posterior.trees,,sample,bayesian,millennia,Sagart2019
posterior-995,STATE_23760000,posterior.trees,,sample,bayesian,millennia,Sagart2019
posterior-996,STATE_22180000,posterior.trees,,sample,bayesian,millennia,Sagart2019
posterior-997,STATE_13480000,posterior.trees,,sample,bayesian,millennia,Sagart2019
posterior-998,STATE_39350000,posterior.trees,,sample,bayesian,millennia,Sagart2019
posterior-999,STATE_30990000,posterior.trees,,sample,bayesian,millennia,Sagart2019
posterior-1000,STATE_18530000,posterior.trees,,sample,bayesian,millennia,Sagart2019
